,Symbol,Market,Name,Sector,Industry,ListingDate,SettleMonth,Representative,HomePage,Region,Firm_Code
0,95570,KOSPI,AJ네트웍스,산업용 기계 및 장비 임대업,"렌탈(파렛트, OA장비, 건설장비)",2015-08-21,12월,박대현,http://www.ajnet.co.kr,서울특별시,/g/11bwqbl85q
1,6840,KOSPI,AK홀딩스,기타 금융업,지주사업,1999-08-11,12월,"채형석, 이석주(각자 대표이사)",http://www.aekyunggroup.co.kr,서울특별시,/g/11f7r7m70c
2,27410,KOSPI,BGF,기타 금융업,지주회사,2014-05-19,12월,홍정국,http://www.bgf.co.kr,서울특별시,/g/113qb93pz
3,138930,KOSPI,BNK금융지주,기타 금융업,금융지주회사,2011-03-30,12월,김지완,http://www.bnkfg.com,부산광역시,BNK금융지주
4,1460,KOSPI,BYC,봉제의복 제조업,"메리야스,란제리 제조,도매/건축공사/부동산 임대,분양,공급",1975-06-02,12월,김 대 환,http://home.byc.co.kr,서울특별시,
5,1040,KOSPI,CJ,기타 금융업,지주회사,1973-06-29,12월,"손경식, 김홍기",http://www.cj.net,서울특별시,CJ
6,79160,KOSPI,CJ CGV,"영화, 비디오물, 방송프로그램 제작 및 배급업","영화상영,영화관 운영",2004-12-24,12월,허민회,http://www.cgv.co.kr,서울특별시,/g/122kbtlq
7,120,KOSPI,CJ대한통운,도로 화물 운송업,"Contract Logistics, 포워딩, 항만하역, 해운, 택배국제특송, SCM Consulting",1956-07-02,12월,강신호,http://www.cjlogistics.com,서울특별시,/g/11bc5kt7p5
8,11150,KOSPI,CJ씨푸드,기타 식품 제조업,"수산물(어묵,맛살)가공품 도매,원양수산업,수출입",1988-11-26,12월,"이인덕, 오재석(각자대표)",http://www.cjseafood.net,경기도,
9,97950,KOSPI,CJ제일제당,기타 식품 제조업,"설탕,소맥분,조미식품,육가공식품(돈육,돼지비계,돼지식용설육),대두가공식품,사료,의약품,생활화학제품 제조,도매,무역/통신판매",2007-09-28,12월,"손경식, 최은석 (각자 대표이사)",http://www.cj.co.kr,서울특별시,/m/04d8dj
10,590,KOSPI,CS홀딩스,기타 금융업,"브랜드 수익, 자회사 배당",1975-12-22,12월,임규섭,http://www.chosunwelding.com,경상북도,/g/11vj0719t
11,12030,KOSPI,DB,"컴퓨터 프로그래밍, 시스템 통합 및 관리업","컴퓨터 프로그래밍, 시스템 통합 및 관리",1993-01-06,12월,"문덕식,강운식 (각자 대표이사)",http://www.dbinc.co.kr,서울특별시,
12,16610,KOSPI,DB금융투자,금융 지원 서비스업,"유가증권,위탁매매,인수,자기매매",1988-06-27,12월,고원종,http://db-fi.com,서울특별시,/g/11c1r7nrc8
13,5830,KOSPI,DB손해보험,보험업,"자동차보험,화재보험,해상보험,특종보험,장기보험",1973-06-28,12월,김정남,http://www.idbins.com,서울특별시,/m/0frjgx
14,990,KOSPI,DB하이텍,반도체 제조업,반도체 제조,1975-12-12,12월,최창식,http://www.dbhitek.co.kr,경기도,/g/12mb3mkbp
15,139130,KOSPI,DGB금융지주,기타 금융업,지주회사,2011-06-07,12월,김태오,http://www.dgbfg.co.kr,대구광역시,DGB금융지주
16,1530,KOSPI,DI동일,상품 중개업,"면사,화섬사,면포,혼방포,스포츠웨어용 신합섬 제조,도매,수출",1964-01-04,12월,"서태원, 손재선",http://www.dong-il.com,서울특별시,
17,210,KOSPI,DL,기타 금융업,지주회사,1976-02-02,12월,배원복,http://www.dlholdings.co.kr,서울특별시,
18,1880,KOSPI,DL건설,건물 건설업,"도로건설공사,토목공사,건축공사,조경공사/부동산 임대,매매",1977-12-22,12월,조남창,http://www.dlconstruction.co.kr,인천광역시,/g/121pqbzb
19,4840,KOSPI,DRB동일,고무제품 제조업,"고무벨트(V벨트,콘베이어벨트,평벨트),프라스틱제품 제조,판매",1976-05-21,12월,류영식,http://drbworld.com,부산광역시,
20,155660,KOSPI,DSR,1차 비철금속 제조업,합섬섬유로프,2013-05-15,12월,홍석빈,http://www.dsr.com,부산광역시,
21,69730,KOSPI,DSR제강,1차 철강 제조업,"와이어로프,각종 경강선,철선제품,PC강선,아연도 강연선 제조",2003-01-28,12월,홍하종,http://www.dsrcorp.com,전라남도,DSR제강
22,17940,KOSPI,E1,기타 전문 도매업,"LPG(프로판,부탄가스),가스기기판매",1997-08-27,12월,"구자용, 구동휘, 천정식 (각자 대표이사)",http://www.e1.co.kr,서울특별시,
23,7700,KOSPI,F&F홀딩스,봉제의복 제조업,"스포츠웨어(골프웨어) 제조/도서출판(단행본,유아/아동전집류(아인슈타인시리즈),잡지)/이천고속도로휴게소/문구사무용품,수입의류 판매,소매",1984-10-04,12월,박의헌,http://www.fnf.co.kr,서울특별시,/g/11c6w1b7s9
24,114090,KOSPI,GKL,유원지 및 기타 오락관련 서비스업,카지노,2009-11-19,12월,김영산,http://www.grandkorea.com,서울특별시,/g/12233r4t
25,6360,KOSPI,GS건설,건물 건설업,"토목공사,건축공사,주택공사,산업플랜트공사,리모델링공사,시설물유지관리공사/산업설비설계,감리 용역,수출입/에너지관리 진단,연구개발",1981-08-03,12월,"허창수, 임병용(각자 대표이사)",http://www.gsconst.co.kr/,서울특별시,/g/11gz37pt9
26,1250,KOSPI,GS글로벌,상품 종합 도매업,"수출입업(시멘트,철강금속,전기전자,섬유,기계화학),상품중개,광업,채석업/하수처리 서비스/부동산 임대",1976-06-26,12월,김태형,http://www.gsgcorp.com,서울특별시,/g/120_gcmd
27,7070,KOSPI,GS리테일,종합 소매업,"체인화 편의점,슈퍼마켓,마트,전자상거래/부동산(빌딩) 임대",2011-12-23,12월,"허연수, 김호성",http://www.gsretail.com,서울특별시,GS리테일
28,12630,KOSPI,HDC,기타 금융업,"토목공사,건축공사,아파트분양사업,재개발/재건축사업",1996-10-16,12월,"정몽규, 유병규",http://www.i-park.com,서울특별시,
29,39570,KOSPI,HDC아이콘트롤스,전기 및 통신 공사업,"기계설비공사, 스마트홈, 지능형 빌딩, SOC",2015-09-24,12월,김성은,http://www.icontrols.co.kr,경기도,
30,89470,KOSPI,HDC현대EP,기타 화학제품 제조업,"합성수지(PP컴파운딩가공,자동차범퍼,내장제) 제조,도소매",2006-09-25,12월,정 중 규,http://www.hdc-hyundaiep.com/,충청남도,/g/1yfp3ng_2
31,11200,KOSPI,HMM,해상 운송업,"정기,부정기,전용선,콘테이너선,자동차선,LNG선 해운",1995-10-05,12월,배재훈,http://www.hmm21.com,서울특별시,/m/02pcl32
32,82740,KOSPI,HSD엔진,일반 목적용 기계 제조업,"대형선박용엔진,내연발전엔진",2011-01-04,12월,고영열,http://www.hsdengine.com,경상남도,
33,3560,KOSPI,IHQ,"영화, 비디오물, 방송프로그램 제작 및 배급업","매니지먼트, 음반, 드라마 제작, 유료방송, 프로그램 공급, 광고대행",1973-12-18,12월,김형철,http://www.ihq.co.kr,서울특별시,/m/0jwv66h
34,175330,KOSPI,JB금융지주,기타 금융업,금융지주 회사,2013-07-18,12월,김기홍,http://www.jbfg.com,전라북도,JB금융지주
35,1060,KOSPI,JW중외제약,의약품 제조업,"수액제,소화기궤양치료제,항생제,항암제 제조,도매",1976-06-14,12월,"대표이사 신영섭, 이성열(각자 대표이사)",http://www.jw-pharma.co.kr,서울특별시,/g/11b_krfcn
36,96760,KOSPI,JW홀딩스,기타 금융업,의약품 수출입업,2007-07-31,12월,"이경하, 한성권",http://jw-holdings.co.kr,서울특별시,/g/11b_kkdqq
37,105560,KOSPI,KB금융,기타 금융업,-,2008-10-10,12월,윤종규,http://www.kbfg.com,서울특별시,KB금융
38,2380,KOSPI,KCC,기타 화학제품 제조업,"건축용단열재,내외장재,스레트,밤라이트,암면,석고보드,판유리 제조",1973-06-25,12월,"정몽진, 민병삼",http://www.kccworld.co.kr,서울특별시,KCC
39,9070,KOSPI,KCTC,도로 화물 운송업,"화물자동차운송,항만하역,창고보관,컨테이너조작,중량물해상운송",1978-09-29,12월,이준환,http://www.kctc.co.kr,서울특별시,KCTC
40,9440,KOSPI,KC그린홀딩스,기타 금융업,"환경방지오염시설(전기집진기,배연탈황설비,여과집진기,세정식집진기),제어장치 제조,설치",1994-11-05,12월,이태영,http://www.kcgreenholdings.com,서울특별시,
41,119650,KOSPI,KC코트렐,일반 목적용 기계 제조업,전기집진기 등,2010-01-29,12월,김태우,http://www.kc-cottrell.com/,서울특별시,/g/11b_kqv5f
42,92220,KOSPI,KEC,반도체 제조업,반도체 제조,2006-10-16,12월,박남규 김학남,http://www.kec.co.kr,서울특별시,/g/11bc5kt7p5
43,16380,KOSPI,KG동부제철,1차 철강 제조업,"철강재(냉연강판,아연도강판,칼라강판,석도강판,선재류,강관,형강,봉강),비철금속 제조,도매",1986-02-03,12월,박성희,http://www.kgdongbusteel.co.kr,서울특별시,/g/11b6dnc6pn
44,1390,KOSPI,KG케미칼,기초 화학물질 제조업,"콘크리트혼화제, 비료, 친환경농자재, 수처리제",1989-08-25,12월,"곽정현, 김재익",http://www.kgchem.co.kr,울산광역시,KG케미칼
45,33180,KOSPI,KH 필룩스,전자부품 제조업,"전자부품(페라이트코아,트랜스포머,데코램프) 제조/온라인정보 제공/부동산 임대",2001-12-26,12월,한우근,http://www.feelux.com,경기도,KH 필룩스
46,1940,KOSPI,KISCO홀딩스,1차 철강 제조업,지주사업,1989-11-13,12월,"장세홍, 이병제 (각자대표)",http://www.kiscoholdings.co.kr,경상남도,
47,25000,KOSPI,KPX케미칼,기초 화학물질 제조업,"PPG,PU RESIN,우레탄수지,대향막박리재,반도체 CM PAD,Polyether Polyol,산업용기초화학제품,화공약품 제조,판매",1994-12-27,12월,"양준영, 김문영, 최재호(각자대표이사)",http://www.kpxchemical.com,서울특별시,/g/11b6bpjm19
48,92230,KOSPI,KPX홀딩스,기초 화학물질 제조업,지주회사,2006-10-12,12월,양준영,http://www.kpxholdings.com,서울특별시,
49,40,KOSPI,KR모터스,그외 기타 운송장비 제조업,"이륜차(오토바이) 제조,도매",1976-05-25,12월,노성석,http://www.krmotors.com,경상남도,KR모터스
50,30200,KOSPI,KT,전기 통신업,"유무선통신사업,공중전기통신사업,인터넷,전자상거래,네트워크(전용회선,데이터통신,초고속사업 등)",1998-12-23,12월,구현모,http://www.kt.com,경기도,/m/03p2j86
51,33780,KOSPI,KT&G,담배 제조업,"잎담배,제조담배,홍삼,홍삼제품 제조,판매",1999-10-08,12월,"Baek, Bok-In",http://www.ktng.com,대전광역시,/m/070jsd
52,30210,KOSPI,KTB투자증권,금융 지원 서비스업,"금융업, 서비스, 부동산",1996-11-19,12월,"이병철, 이창근 (각자 대표이사)",http://www.ktb.co.kr,서울특별시,KTB투자증권
53,58850,KOSPI,KTcs,기타 정보 서비스업,전화번호검색 데이타제공/콜센터 운영,2010-09-16,12월,박경원,http://www.ktcs.co.kr,대전광역시,/g/11bxjj6b8r
54,58860,KOSPI,KTis,기타 정보 서비스업,"114전화번호안내, 고객센터",2010-12-17,12월,윤경근,http://www.ktis.co.kr,서울특별시,KTis
55,93050,KOSPI,LF,봉제의복 제조업,"기성복, 의류, 잡화, 제조",2006-12-01,12월,"오규식, 김상균 (각자 대표이사)",http://www.lfcorp.com,서울특별시,
56,3550,KOSPI,LG,기타 금융업,지주회사,1970-02-13,12월,구광모,http://www.lg.co.kr,서울특별시,LG
57,34220,KOSPI,LG디스플레이,전자부품 제조업,액정표시장치(TFT-LCD) 제조,2004-07-23,12월,정호영,http://www.lgdisplay.com,서울특별시,LG디스플레이
58,51900,KOSPI,LG생활건강,기타 화학제품 제조업,"화장품,생활용품 제조,도매",2001-04-25,12월,차 석 용,http://www.lghnh.com,서울특별시,/m/0hqzbtm
59,32640,KOSPI,LG유플러스,전기 통신업,"개인휴대통신서비스,음성서비스,데이터서비스,부가통신/단말기 도소매/프로그램 개발,자료제공",2008-04-21,12월,황현식,http://www.uplus.co.kr,서울특별시,/m/08rznv
60,11070,KOSPI,LG이노텍,전자부품 제조업,기타 전자부품 제조업,2008-07-24,12월,정철동,http://www.lginnotek.co.kr,서울특별시,/g/12377frg
61,66570,KOSPI,LG전자,통신 및 방송 장비 제조업,"이동통신단말기,C-TV,V.C.R.,컴퓨터,완전평면 TV,플라즈마 디스플레이 패널 TV,전자제품(세탁기외),CDMA(코드분할다중접속)이동통신,전자교환기,전송기기",2002-04-22,12월,배두용,http://www.lge.co.kr,서울특별시,/m/03068d
62,37560,KOSPI,LG헬로비전,텔레비전 방송업,"케이블TV, 인터넷서비스 등",2012-11-09,12월,송구영,http://www.lghellovision.net,서울특별시,/m/0x23vn3
63,51910,KOSPI,LG화학,기초 화학물질 제조업,"유화/기능/합성수지,재생섬유소,산업재,리튬이온전지,평광판,PVC 제조,도매",2001-04-25,12월,신학철,http://www.lgchem.com,서울특별시,LG화학
64,79550,KOSPI,LIG넥스원,무기 및 총포탄 제조업,정밀유도무기 등,2015-10-02,12월,김지찬,http://www.lignex1.com,경기도,/m/0g9xcn_
65,6260,KOSPI,LS,기타 금융업,"전력용전선,일반전선,통신케이블,동선,알루미늄선,공조기,프라스틱사출성형기 제조,도매",1977-06-30,12월,이광우,http://www.lsholdings.co.kr,서울특별시,
66,10120,KOSPI,LS ELECTRIC,"전동기, 발전기 및 전기 변환 · 공급 · 제어 장치 제조업","고압기기,저압기기,변압기,배전반,PLC,인버터,빌딩설비,공조기,건축배관,자동화기기 제조,동가공",1994-07-11,12월,"구자균, 박용상, 남기원",http://www.ls-electric.com,경기도,LS ELECTRIC
67,680,KOSPI,LS네트웍스,상품 종합 도매업,"혁화,의류,등산용품 도매,제조/부동산 임대",1973-11-15,12월,"구자용,문성준(각자 대표이사)",http://www.lsnetworks.co.kr,경상남도,/g/1s05r5fqs
68,1120,KOSPI,LX인터내셔널,상품 중개업,"전자,기계,화공,유류.금속,의류 수출입,도소매",1976-01-30,12월,윤춘성,http://www.lxinternational.co.kr,서울특별시,
69,108670,KOSPI,LX하우시스,플라스틱제품 제조업,"창호재, 자동차부품 등",2009-04-20,12월,"강계웅, 강인식",http://www.lghausys.com,서울특별시,
70,23150,KOSPI,MH에탄올,알코올음료 제조업,"주정,탄산가스 제조",1996-12-24,12월,윤현의,http://www.mhethanol.com,경상남도,
71,35420,KOSPI,NAVER,"자료처리, 호스팅, 포털 및 기타 인터넷 정보매개 서비스업",포털 서비스 및 온라인 광고,2008-11-28,12월,한성숙,http://www.navercorp.com,경기도,NAVER
72,181710,KOSPI,NHN,소프트웨어 개발 및 공급업,한게임,2013-08-29,12월,정우진,http://www.nhn.com,경기도,/m/09dqvb
73,5940,KOSPI,NH투자증권,금융 지원 서비스업,"증권업,종합금융",1975-09-30,12월,정영채,http://www.nhqv.com,서울특별시,/m/0bs8swp
74,34310,KOSPI,NICE,회사 본부 및 경영 컨설팅 서비스업,"기업신용분석,유가증권등급평정,기업정보,긍융정보,경제정보,소비자신용정보 제공,시장조사,사회여론조사,점외 CD/ATM사업",2004-02-04,12월,이현석,http://www.nice.co.kr,서울특별시,
75,8260,KOSPI,NI스틸,1차 철강 제조업,"스틸파이프,철강재임가공 제조,도매",1975-06-28,12월,배종민,http://www.hcr4u.com,서울특별시,
76,4250,KOSPI,NPC,플라스틱제품 제조업,"산업용기프라스틱제품(플라스틱 파렛트,시트 파렛트) 제조,판매",1969-09-08,12월,최병민,http://www.npc.co.kr,경기도,NPC
77,10060,KOSPI,OCI,기초 화학물질 제조업,"타르제품,카본블랙,무수프탈산,농약원제,석탄화학제품,정밀화학제품,플라스틱창호재 제조,판매",1985-07-09,12월,"백우석, 이우현, 김택중(3인, 각자 대표이사)",http://www.oci.co.kr,서울특별시,
78,5490,KOSPI,POSCO,1차 철강 제조업,"열연코일,냉연강판,후판,선재,스테인리스 제조",1988-06-10,12월,"대표이사 회장 최정우, 대표이사 사장 김학동, 대표이사 부사장 전중선",http://www.posco.co.kr,경상북도,/m/03m0r1
79,10950,KOSPI,S-Oil,석유 정제품 제조업,"석유제품,가스,윤활기유,윤활유,그리스,석유화학제품 제조,도매",1987-05-27,12월,Hussain A.Al-Qahtani,http://www.s-oil.com,서울특별시,/m/09gr5r
80,34120,KOSPI,SBS,텔레비전 방송업,"TV,라디오방송,광고",2003-06-25,12월,박정훈(단독대표),http://www.sbs.co.kr,서울특별시,/m/01y68z
81,101060,KOSPI,SBS미디어홀딩스,텔레비전 방송업,지주회사,2008-03-24,12월,신경렬,http://www.sbsmedia.co.kr,서울특별시,/g/1yfp3kk0p
82,5090,KOSPI,SGC에너지,전기업,"증기, 전기, REC(신재생에너지공급인증서)",1993-01-06,12월,"이복영, 박준영, 안찬규",http://www.sgcenergy.co.kr,서울특별시,
83,1380,KOSPI,SG글로벌,자동차 신품 부품 제조업,"자동차시트커버(Seat Trim Cover), 면사, 면ㆍ혼방사 등의 제조 및 판매",1976-06-29,12월,이의범,http://www.sgglobal.co.kr,충청남도,
84,4060,KOSPI,SG세계물산,상품 종합 도매업,"피복류,봉제품,P.E제품 수출입,도매,제조/조경사업",1976-04-19,12월,이의범,http://www.sgsegye.com,서울특별시,SG세계물산
85,1770,KOSPI,SHD,1차 철강 제조업,"석도강판,표면처리강판 제조,임가공,판매",1988-11-23,12월,신종호,http://www.shinhwatp.com,경기도,
86,2360,KOSPI,SH에너지화학,기초 화학물질 제조업,"합성수지(PS/EPS,ABS수지) 제조",1985-12-23,12월,"정케빈규봉, 서미혜",http://www.sh-enerchem.com,전라북도,/g/11gyy7psq
87,9160,KOSPI,SIMPAC,특수 목적용 기계 제조업,"프레스,자동화장치,자동차부품 제조,도매",1989-07-29,12월,최진식,http://www.simpac.co.kr,인천광역시,/g/11ddyt_nzy
88,25530,KOSPI,SJM홀딩스,자동차 부품 및 내장품 판매업,지주회사및경영자문,1997-02-12,12월,"김용호, 김휘중(각자대표이사)",http://www.sjmholdings.co.kr,경기도,
89,34730,KOSPI,SK,기타 금융업,"지주회사, 시스템통합(SI), 정보통신사업 관련 컨설팅,조사용역,정보통신기술 연구개발/정보통신기기,소프트웨어 개발,도매",2009-11-11,12월,"최태원, 장동현, 박성하",http://www.sk-inc.com/,서울특별시,
90,11790,KOSPI,SKC,기타 화학제품 제조업,"폴리에스테르필름,합성수지,LCD용 필름 제조",1997-07-18,12월,이완재,http://www.skc.kr,경기도,SKC
91,18670,KOSPI,SK가스,기타 전문 도매업,"액화석유가스,가스기기 판매,수입,저장",1997-08-27,12월,윤병석,http://www.skgas.co.kr/,경기도,SK가스
92,1740,KOSPI,SK네트웍스,기타 전문 도매업,"종합무역업(전자전기제품,섬유,에너지화학제품,철강금속제품),의류,수입산합판,MDF판매,정보통신사업,에너지유통사업",1977-06-30,12월,박상규,http://www.sknetworks.co.kr,경기도,SK네트웍스
93,6120,KOSPI,SK디스커버리,기타 금융업,"화섬사(폴리에스테르원사(폴리에스터F,폴리에스터SF),폴리에스터직물,아세테이트),석유화학부문(TPA,DMT),섬유원료,직물,BOTTLE용CHIP,접착제,폴리우레탄 제조,",1976-06-29,12월,"최창원, 김철, 박찬중",http://www.skdiscovery.com,경기도,/g/11b66j5xbc
94,210980,KOSPI,SK디앤디,부동산 임대 및 공급업,"비주거용 부동산개발 및 임대(오피스, 지식산업센터, 호텔 등)",2015-06-23,12월,함스테판윤성,http://www.skdnd.com,경기도,
95,68400,KOSPI,SK렌터카,운송장비 임대업,승용자동차 임대,2012-07-27,12월,황일문,http://www.skcarrental.com,서울특별시,SK렌터카
96,96770,KOSPI,SK이노베이션,석유 정제품 제조업,"석유정제,석유화학제품,윤활유제품,아스팔트제품,의약중간체 제조,판매,유전개발,대체에너지사업",2007-07-25,12월,김준,http://www.SKinnovation.com,서울특별시,/m/0nbh39_
97,1510,KOSPI,SK증권,금융 지원 서비스업,"증권업,부동산 임대",1986-09-20,12월,김 신,http://www.sks.co.kr,서울특별시,SK증권
98,17670,KOSPI,SK텔레콤,전기 통신업,"이동전화,무선호출서비스,부가통신",1989-11-07,12월,유영상,http://www.sktelecom.com,서울특별시,SK텔레콤
99,660,KOSPI,SK하이닉스,반도체 제조업,"반도체,컴퓨터,통신기기 제조,도매",1996-12-26,12월,"박정호, 이석희 (각자대표)",http://www.skhynix.com,경기도,/m/083w62
100,64960,KOSPI,SNT모티브,자동차 신품 부품 제조업,"자동차부품(서스펜션모듈,전장품,속옵서버,에어백,트로틀바디,너클),방산품(총포) 제조,도매",2002-03-11,12월,김형철,http://www.sntdaewoo.com,부산광역시,
101,100840,KOSPI,SNT에너지,일반 목적용 기계 제조업,"공냉식 열교환장치,폐열회수장치 제조",2008-02-22,12월,신경인,http://www.hisnt.com,경상남도,/g/11b635pf1z
102,3570,KOSPI,SNT중공업,자동차 신품 부품 제조업,"자동차부품(동력전달장치 등),공작기계(CNC선반 등),사출성형기 제조",1976-07-08,12월,박재석,http://www.hisntd.com,경상남도,
103,36530,KOSPI,SNT홀딩스,기타 금융업,"지배,경영지도,정리,육성",2002-10-22,12월,김도환,http://www.hisntholdings.com,서울특별시,
104,5610,KOSPI,SPC삼립,기타 식품 제조업,"빵,아이스크림,과자,케익,유산균음료,인스턴트식품,병조림,면류,식용유 제조,판매",1975-05-02,12월,황종현,http://www.samlipgf.co.kr,경기도,/g/125n3ch3l
105,11810,KOSPI,STX,상품 종합 도매업,"에너지 원료(석탄,석유),산업기자재(기계부품) 도매",1990-09-12,12월,박상준,http://www.stx.co.kr,경상남도,/m/087vq6
106,77970,KOSPI,STX엔진,일반 목적용 기계 제조업,"엔진,터빈,내연기관 제조,도매",2004-05-10,12월,박기문,http://www.stxengine.co.kr,경상남도,STX엔진
107,71970,KOSPI,STX중공업,일반 목적용 기계 제조업,"조선기자재, 기계부품",2009-05-15,12월,최순필,http://www.stxhi.co.kr,경상남도,STX중공업
108,2820,KOSPI,SUN&L,나무제품 제조업,"합판,가정용가구(선우드),MDF,제재목,하드보드 제조/부동산 임대",1976-05-22,12월,서성교,http://www.sunwood.co.kr,인천광역시,
109,2710,KOSPI,TCC스틸,1차 철강 제조업,"석도강판,표면처리강판 제조,판매",1984-12-21,12월,"손봉락, 조석희, 손기영 (각자대표)",http://www.tccsteel.com,경상북도,/g/11c6qrc4bk
110,2900,KOSPI,TYM,특수 목적용 기계 제조업,"농기계,연초용필터,금속제양식기,철강압연 제조,도매,수출입/신문서적 수출입,판매",1973-06-26,12월,"김희용, 김도훈",http://tym.world,서울특별시,
111,24070,KOSPI,WISCOM,플라스틱제품 제조업,"플라스틱제품(PVC컴파운드,ABS,PS가공) 제조,도매,임가공",1996-11-22,12월,구영일,http://www.wiscom.co.kr,경기도,WISCOM
112,37270,KOSPI,YG PLUS,"자료처리, 호스팅, 포털 및 기타 인터넷 정보매개 서비스업","광고대행,광고물 제작",2003-08-01,12월,최성준,http://www.ygplus.com,서울특별시,/g/11b9046zsn
113,500,KOSPI,가온전선,절연선 및 케이블 제조업,"전력선,통신케이블 제조,도매,수출입",1987-06-08,12월,윤재인,http://www.gaoncable.com,경기도,/g/11bycyd4x9
114,860,KOSPI,강남제비스코,기타 화학제품 제조업,"도료(페인트,락카,신나,에나멜,바니쉬),안료 제조,판매",1975-11-12,12월,"황익준,김재현(각자대표이사)",http://www.jevisco.com,부산광역시,
115,35250,KOSPI,강원랜드,유원지 및 기타 오락관련 서비스업,"카지노,관광호텔,골프장,스키장,체육시설 운영",2003-09-04,12월,"Lee, Sam-Geol",http://kangwonland.high1.com,강원도,강원랜드
116,11420,KOSPI,갤럭시아에스엠,스포츠 서비스업,"스포츠중계권,스포츠마케팅,광고",1989-11-14,12월,이반석,http://galaxiasme.com,서울특별시,/g/1214s1db
117,2100,KOSPI,경농,"비료, 농약 및 살균, 살충제 제조업","완제농약(잡초약,살충제,살균제) 제조",1977-06-30,12월,"이병만,이용진",http://www.knco.co.kr,서울특별시,/g/11fmst90mp
118,9450,KOSPI,경동나비엔,가정용 기기 제조업,"가정용기름보일러,입형,횡형 온수보일러,가스보일러,버너,흡수식 냉온수기,전기보일러,진공온수보일러,태양열보일러 제조,판매",1993-08-31,12월,손연호,http://www.kdnavien.co.kr,경기도,경동나비엔
119,12320,KOSPI,경동인베스트,기타 금융업,지주회사,1997-03-07,12월,정승진,http://www.kdinvest.co.kr,경기도,
120,50,KOSPI,경방,종합 소매업,"섬유류(면사,면혼방사,면직물,면혼방직물,화섬사,화섬직물) 제조,도매,수출입",1956-03-03,12월,"김준, 김담",http://www.kyungbang.co.kr,서울특별시,/m/09dzvv
121,214390,KOSPI,경보제약,기초 의약물질 및 생물학적 제제 제조업,"아토르바스타틴, 세프티족심, 세프트리약손",2015-06-29,12월,김태영,http://www.kbpharma.co.kr,충청남도,/g/11c3kpjfpn
122,12610,KOSPI,경인양행,기초 화학물질 제조업,"반응성염료,직접염료,산성염료,삼원색원료 제조,수출입",1995-10-05,12월,"김흥준,조성용 (각자대표이사)",http://www.kyungin.co.kr,인천광역시,/g/11c6qrc47r
123,9140,KOSPI,경인전자,전자부품 제조업,"스위치,리모콘,배선기구,섬머스타트,게임기,전자부품 제조,판매",1989-06-20,12월,김성은,http://www.kie.co.kr,서울특별시,
124,13580,KOSPI,계룡건설,토목 건설업,"건축공사,주택공사,토목공사,포장공사,전기공사",1996-01-30,12월,"한승구, 이승찬",http://www.krcon.co.kr,대전광역시,/g/122xwdn8
125,12200,KOSPI,계양전기,일반 목적용 기계 제조업,"전동공구(그라인더,드릴,커팅머신 등), 엔진, 자동차용 모터 제조",1988-07-06,12월,임영환,http://www.keyang.co.kr,서울특별시,계양전기
126,2140,KOSPI,고려산업,"곡물가공품, 전분 및 전분제품 제조업","배합사료,플라스틱용기 제조/부동산 임대",1991-01-14,12월,"전장열, 김영교(각자 대표이사)",http://www.hafeed.co.kr,부산광역시,
127,10130,KOSPI,고려아연,1차 비철금속 제조업,"연,아연괴 제조,판매",1990-07-28,12월,"최윤범, 노진수, 백순흠",http://www.koreazinc.co.kr,서울특별시,고려아연
128,2240,KOSPI,고려제강,1차 철강 제조업,"PC강선,선재 2차제품,와이어로프,비드와이어,SC(Surpass Coat) Stand,각종선재 제조,도매",1976-05-25,12월,"이이문, 주종대 (각자대표)",http://www.kiswire.com,부산광역시,/g/11b6dnc_t9
129,9290,KOSPI,광동제약,의약품 제조업,"의약품,식음료 제조,도매",1989-11-17,12월,최성원,http://www.ekdp.com,서울특별시,/g/1230_7j0
130,17040,KOSPI,광명전기,"전동기, 발전기 및 전기 변환 · 공급 · 제어 장치 제조업","수배전반,가스절연개폐장치,빌딩자동화시스템,중앙감시반,자동제어반 제조,도소매,무역",1990-09-14,12월,"이재광,조광식",http://www.kmec.co.kr,경기도,/g/11b635pf23
131,17900,KOSPI,광전자,반도체 제조업,"트랜지스터,SMD TR,발광소자,리모콘모듈,발광다이오드(L.E.D),다이오드용웨이퍼팹(Fab) 제조,판매",1996-10-16,12월,이석렬,http://www.auk.co.kr,전라북도,광전자
132,37710,KOSPI,광주신세계,종합 소매업,백화점,2002-02-07,12월,이동훈,http://www.gjshinsegae.com,광주광역시,/m/0nbhfg8
133,30610,KOSPI,교보증권,금융 지원 서비스업,"유가증권 매매,중개,대리,인수",2002-07-18,12월,"박봉권, 이석기 (각자대표)",http://www.iprovest.com,서울특별시,교보증권
134,7690,KOSPI,국도화학,기초 화학물질 제조업,"에폭시수지,폴리아마이드수지,아염소산소다 제조,도소매",1989-08-05,12월,"이시창, 허연진",http://www.kukdo.com,서울특별시,/g/1yprv0csj
135,5320,KOSPI,국동,생활용품 도매업,"셔츠,스웨터,파자마(섬유제품) 제조,판매,수출/부동산 임대",1996-12-24,12월,오창규,http://www.kd.co.kr,서울특별시,국동
136,1140,KOSPI,국보,도로 화물 운송업,"화물자동차운송,콘테이너운송,수출입화물보관,도로운송,CY보관,하역",1989-12-02,12월,"하 현, 조경민 각자대표",http://www.kukbo.com,부산광역시,국보
137,2720,KOSPI,국제약품,의약품 제조업,"항생제,안약,제약 제조,도매",1975-12-27,12월,"남영우,남태훈,안재만",http://www.kukjepharm.co.kr,경기도,
138,83420,KOSPI,그린케미칼,기타 화학제품 제조업,"비이온계면활성제 제조,도매",2005-10-20,12월,양준화,http://www.korgc.com,충청남도,/g/11b_lp_7l
139,14530,KOSPI,극동유화,석유 정제품 제조업,"윤활유,유동파라핀,왁스,방수용시트,아스팔트 제조/수입자동차,부품 도매/가스충전,산업설비 청소",1991-01-31,12월,"장홍선, 장선우 (각자대표)",http://www.kdoc.co.kr,경상남도,
140,14280,KOSPI,금강공업,1차 철강 제조업,"건설가설재,강관,거푸집 제조,판매",1988-09-10,12월,"전장열, 이범호 (각자 대표이사)",http://www.kumkangkind.com,부산광역시,
141,8870,KOSPI,금비,유리 및 유리제품 제조업,"유리제품(주류병) 제조/화장품 도소매,수입(병제조기기)",1990-06-08,09월,고기영,http://www.e-kumbi.co.kr,경기도,금비
142,1570,KOSPI,금양,기초 화학물질 제조업,"발포제,사카린,OPTSA,베나졸,TCA 제조",1976-12-17,12월,류광지,http://www.kyc.co.kr,부산광역시,금양
143,2990,KOSPI,금호건설,건물 건설업,"종합건설/여객운송,관광/부동산 임대,분양",1976-06-26,12월,서재환,http://www.kumhoenc.com,전라남도,/g/11fy2321d9
144,11780,KOSPI,금호석유,기초 화학물질 제조업,"합성고무 SBR(스티렌부타디엔러버),BR(폴리부타디엔러버),합성수지,BD,라텍스 제조,도소매",1988-01-22,12월,백종훈,http://www.kkpc.com,서울특별시,/g/12dpwn3ql
145,214330,KOSPI,금호에이치티,자동차 신품 부품 제조업,자동차용 전구 및 LED모듈,2015-11-11,12월,"김진곤, 김두인(각자대표)",http://www.kumhoht.co.kr,광주광역시,/g/11bxgvffmc
146,1210,KOSPI,금호전기,전구 및 조명장치 제조업,"형광등,백열전구,전구식현광등,실드빔(차량용전조) 제조,판매",1973-11-15,12월,이홍민,http://www.khe.co.kr,서울특별시,/g/11dx9g6xk1
147,73240,KOSPI,금호타이어,고무제품 제조업,"타이어,튜브 제조,도매,무역",2005-02-17,12월,정일택,http://www.kumhotire.co.kr,광주광역시,금호타이어
148,92440,KOSPI,기신정기,특수 목적용 기계 제조업,"몰드베이스,금형부품,정밀기계기구 제조,도매,무역",2007-10-30,03월,윤현도,http://www.kishin.com,인천광역시,/g/11byd3r7_d
149,270,KOSPI,기아,자동차용 엔진 및 자동차 제조업,"승용차,중대형버스,트럭,민수특수차량,군수차량 제조,판매,정비",1973-07-21,12월,"송호성,최준영(각자 대표이사)",http://www.kia.co.kr,서울특별시,기아
150,24110,KOSPI,기업은행,은행 및 저축기관,은행업,2003-12-24,12월,윤종원,http://www.kiupbank.co.kr,서울특별시,기업은행
151,13700,KOSPI,까뮤이앤씨,건물 건설업,"토목공사,건축공사/부동산 임대",1989-11-30,12월,손병재,http://www.camusenc.com,경기도,까뮤이앤씨
152,4540,KOSPI,깨끗한나라,"펄프, 종이 및 판지 제조업","펄프,판지원지,화장지 제조,수출입",1975-06-25,12월,"최현수, 김민환",http://www.kleannara.com,서울특별시,깨끗한나라
153,1260,KOSPI,남광토건,토목 건설업,"토목공사,건축공사,기전공사,측량설계시공,용역/철구조물 제조",1976-12-28,12월,임민규,http://www.namkwang.co.kr,경기도,남광토건
154,8350,KOSPI,남선알미늄,1차 비철금속 제조업,알미늄샷시 제조/환경사업,1978-05-22,12월,"장규한,박찬홍",http://www.namsun.co.kr,대구광역시,/g/11b8_fhvjc
155,4270,KOSPI,남성,기타 전문 도매업,"수출입(카오디오)/통신기기 제조,판매/이동통신,유선방송,정보통신/생활필수품,식품 판매/부동산 임대",1989-11-14,12월,윤봉수 윤성호,http://www.namsung.com,서울특별시,남성
156,3920,KOSPI,남양유업,낙농제품 및 식용빙과류 제조업,"시유,조제분유,발효유,이유밀,치즈,프렌치까페 제조,도매",1978-06-24,12월,이광범,http://www.namyangi.com,서울특별시,남양유업
157,25860,KOSPI,남해화학,"비료, 농약 및 살균, 살충제 제조업","비료(요소,복합비료),공업제품원료 제조,도매",1995-11-10,12월,하형수,http://www.nhchem.co.kr,서울특별시,/m/0bmrcv
158,5720,KOSPI,넥센,고무제품 제조업,"자동차용 재생타이어튜브,솔리드타이어,고무부품,골프볼,와이어로프소재,특수강선,열처리도금선,건자재 제조,판매,수출입",1987-12-19,12월,"강병중, 강호찬, 배중열",http://www.nexencorp.co.kr,경상남도,넥센
159,2350,KOSPI,넥센타이어,고무제품 제조업,"타이어,후랩,고무제타이어(승용자동차용,래디알구조) 제조",1976-05-19,12월,대표이사 회장 강병중 대표이사 사장 강호찬,http://www.nexentire.com,경상남도,넥센타이어
160,3580,KOSPI,넥스트사이언스,기타 비금속광물 광업,"무연탄채굴,원유,유전개발,가스전 개발/부동산 임대",1990-03-23,12월,김종원,http://nextscience.co.kr/,강원도,
161,320,KOSPI,노루홀딩스,기타 금융업,지주사업,1973-08-10,12월,"한영재,김용기",http://www.norooholdings.co.kr,경기도,/g/11c6qts_15
162,6280,KOSPI,녹십자,의약품 제조업,"알부민외 제조,판매",1989-08-01,12월,허은철,http://www.greencross.com,경기도,/m/0sgf46p
163,5250,KOSPI,녹십자홀딩스,회사 본부 및 경영 컨설팅 서비스업,"알부민,유로키나제,간염백신,유행성출혈열백신 제조",1978-08-28,12월,"허일섭, 허용준",http://www.greencross.com,경기도,
164,4370,KOSPI,농심,기타 식품 제조업,"라면,스낵,유지 제조,도매,수출입",1976-06-30,12월,"신동원, 박 준",http://www.nongshim.com,서울특별시,/m/08ntmc
165,72710,KOSPI,농심홀딩스,기타 금융업,"지주회사,투자자문,경영컨설팅 서비스",2003-07-30,12월,신동원,http://www.nongshimholdings.co.kr,서울특별시,/g/1237d9qz
166,58730,KOSPI,다스코,"구조용 금속제품, 탱크 및 증기발생기 제조업","데크플레이트,도로안전시설물(가드레일,강재방호책),건축용단열재보드(경질우레탄보드),신재생에너지사업",2004-08-02,12월,한상원,http://www.dasco.kr,전라남도,
167,23590,KOSPI,다우기술,"자료처리, 호스팅, 포털 및 기타 인터넷 정보매개 서비스업","인터넷솔루션 개발,도매,IT컨설팅,시스템 설계,자문,인터넷관련서비스/부동산분양,개발,임대",1997-08-27,12월,김윤덕,http://www.daou.co.kr,경기도,/m/0bs5zx5
168,145210,KOSPI,다이나믹디자인,특수 목적용 기계 제조업,"타이어 금형, 타이어 제조설비",2015-03-19,12월,황 응 연,http://www.saehwaimc.com,광주광역시,
169,19680,KOSPI,대교,초등 교육기관,"학습지,참고서 출판/건설업/종합유선방송 프로그램공급,디지털학원",2004-02-03,12월,강호준,http://www.daekyo.co.kr,서울특별시,대교
170,6370,KOSPI,대구백화점,종합 소매업,"백화점운영,임대사업(백화점 코너)",1988-10-10,12월,구정모,http://www.debec.co.kr,대구광역시,/m/047fppd
171,8060,KOSPI,대덕,기타 금융업,"산업용 인쇄회로기판,다층 인쇄회로기판,빌드업기판,반도체패키지기판,메모리모듈기판 제조",1989-01-26,12월,김영재,http://www.daeduckholdings.com,경기도,대덕
172,490,KOSPI,대동,특수 목적용 기계 제조업,"경운기,트랙터,이앙기,바인더,수확기(콤바인),농업용엔진 및 부품 제조,판매",1975-06-27,12월,"김준식, 원유현",http://www.daedong.co.kr,대구광역시,대동
173,8110,KOSPI,대동전자,통신 및 방송 장비 제조업,"통신음향,전자기계기구용 플라스틱제품 제조,도매",1990-06-05,03월,김명성,http://www.daidong.com,서울특별시,
174,5750,KOSPI,대림B&Co,"내화, 비내화 요업제품 제조업","위생도기,내장타일,조립식욕실제품 제조,판매/부동산 임대",1992-12-23,12월,강태식,http://www.daelimbnco.com,경상남도,
175,6570,KOSPI,대림통상,기타 금속 가공제품 제조업,"수전금구,비데,위생도기,샤워부스,타일,양식기,무역",1975-11-20,12월,"고은희, 이지용",http://www.dlt.co.kr,서울특별시,대림통상
176,1680,KOSPI,대상,기타 식품 제조업,"전분,라이신,물엿,과당,포도당,MSG및 사료,조미료,항생제,핵산,커피 제조,도매/토목공사,건축공사",1970-04-01,12월,임정배,http://www.daesang.co.kr,서울특별시,대상
177,128820,KOSPI,대성산업,연료 소매업,"주요소운영,기계판매 등",2010-07-30,12월,"김영대,이은우(공동대표)",http://www.daesung.co.kr,서울특별시,/g/11b_kdnp3
178,117580,KOSPI,대성에너지,연료용 가스 제조 및 배관공급업,천연가스,2010-12-24,12월,대표이사 김영훈 대표이사 윤홍식,http://www.taegugas.co.kr,대구광역시,/g/11b_m30c0
179,16710,KOSPI,대성홀딩스,회사 본부 및 경영 컨설팅 서비스업,"도시가스,일반가스 공급/가스기기,차량용 연료 판매/해외자원개발,부동산 임대",1999-12-22,12월,대표이사 김영훈 대표이사 김정주,http://www.taegugas.co.kr,대구광역시,
180,3540,KOSPI,대신증권,금융 지원 서비스업,"유가증권 위탁매매,인수주선,자기매매 기타 금융서비스",1975-10-01,12월,오익근,http://www.daishin.com,서울특별시,대신증권
181,9190,KOSPI,대양금속,1차 철강 제조업,스테인레스 냉연강판 제조,1994-04-29,12월,조상종,http://www.daiyangmetal.co.kr,충청남도,/g/11b8728h_c
182,14160,KOSPI,대영포장,"골판지, 종이 상자 및 종이용기 제조업","골판지원단,골판지상자 제조",1990-03-06,12월,"권택환,김민배,강병은(각자 대표이사)",http://www.dypc.co.kr,경기도,
183,47040,KOSPI,대우건설,건물 건설업,"아파트건설,토목공사,건축공사,포장공사,전기공사,무역/중장비 대여",2001-03-23,12월,"김형, 정항기(각자 대표이사)",http://daewooenc.co.kr,서울특별시,/m/027fk3d
184,9320,KOSPI,대우부품,자동차 신품 부품 제조업,"전해콘덴서,복합부품,전자튜너 제조",1989-08-25,12월,"서준교,서중호(각자 대표)",http://www.dwecc.com,전라북도,/g/11f4qfbxf7
185,42660,KOSPI,대우조선해양,선박 및 보트 건조업,선박 제조,2001-02-02,12월,이성근,http://www.dsme.co.kr,경상남도,/m/0404q3q
186,3090,KOSPI,대웅,기타 금융업,"지주회사/의약품,화공약품,농예약품,위생용품,의료용구,식품,전기전자기구,부품 제조,판매",1973-06-26,12월,윤재춘,http://www.daewoong.com/,경기도,/g/11gh34_5w4
187,69620,KOSPI,대웅제약,의약품 제조업,"양약,의료기기 제조/화장품,의약부의품 도소매/부동산 임대",2002-11-01,12월,"전승호, 윤재춘",http://www.daewoong.co.kr,경기도,/m/05p144y
188,430,KOSPI,대원강업,자동차 신품 부품 제조업,"차량용스프링,기계부속,시트,타이어체인,합성수지제품,철도용스파이크 제조,도매",1977-06-22,12월,"허재철, 유병우",http://www.dwku.com,충청남도,대원강업
189,6340,KOSPI,대원전선,절연선 및 케이블 제조업,"전선,통신케이블,무선통신장비,합성수지 제조,도매/부동산 매매,임대",1988-05-04,12월,서명환,http://www.daewoncable.co.kr,충청남도,대원전선
190,3220,KOSPI,대원제약,의약품 제조업,"의약품(해열소염진통제,진해거담제,동맥경화용제,혈압강하제 등), 건강기능식품(프로바이오틱스 등)",1999-12-15,12월,"백승호,백승열",http://www.daewonpharm.com,서울특별시,대원제약
191,24890,KOSPI,대원화성,플라스틱제품 제조업,"합성피혁,벽지,DMF(폐용수)정제,방수투습원단,화공약 임가공,제조,도매,수출입",1997-10-28,12월,강동엽,http://www.daewon21.co.kr,서울특별시,
192,2880,KOSPI,대유에이텍,자동차 신품 부품 제조업,자동차부품(자동차용 시트)제조,1977-02-18,12월,권의경,http://www.dayouat.co.kr,광주광역시,/g/11b6f2k850
193,300,KOSPI,대유플러스,통신 및 방송 장비 제조업,"유,무선 통신장비",1975-06-09,12월,조상호,http://www.dayouplus.co.kr,광주광역시,
194,12800,KOSPI,대창,1차 비철금속 제조업,"황동봉,동합금괴 제조,판매",1989-12-05,12월,"조시영, 김옥렬",http://www.brassone.com,경기도,대창
195,15230,KOSPI,대창단조,자동차 신품 부품 제조업,"자동차,중장비 부품(크랭크샤프트,트랙링크조립체,커넥팅로드,중장비롤러류),기어,동력전달장치,단조가공품,단조품 제조",1989-07-25,12월,박권일,http://www.dcf.co.kr,경상남도,대창단조
196,1070,KOSPI,대한방직,직물직조 및 직물제품 제조업,"면사,화섬사,면직물 제조,판매,건설",1973-12-28,12월,"설 범, 김 인호",http://www.thtc.co.kr,서울특별시,대한방직
197,6650,KOSPI,대한유화,기초 화학물질 제조업,"폴리프로필렌,고밀도폴리에틸렌,나프타분해유분,올레핀류,혼합C4류,분해가솔린 제조",1999-08-11,12월,강길순,http://www.kpic.co.kr,서울특별시,/g/11b6b4m9ym
198,1440,KOSPI,대한전선,절연선 및 케이블 제조업,"전력선,통신케이블,적산계기,스텐레스압연제품,광케이블,초고압선,알루미늄 제조,도매/전기공사",1968-12-27,12월,나형균,http://www.taihan.com,경기도,대한전선
199,84010,KOSPI,대한제강,1차 철강 제조업,"제강,철재,철근,환봉,마환봉,빌레트 제조",2005-10-31,12월,"이경백, 한성민 각자대표",http://www.idaehan.com,부산광역시,
200,1790,KOSPI,대한제당,"곡물가공품, 전분 및 전분제품 제조업","제당,가축용 배합사료,설탕,기능성감미료(자일로올리고당),외식산 제조,도소매/부동산 임대",1968-12-27,12월,김기영,http://www.ts.co.kr,인천광역시,
201,1130,KOSPI,대한제분,"곡물가공품, 전분 및 전분제품 제조업","소맥분,토코밀,프리믹스,밀가루조제품,제분부산물 제조/파스타 수입,판매",1970-11-25,12월,"이건영, 송인석",http://www.dhflour.co.kr,서울특별시,
202,3490,KOSPI,대한항공,항공 여객 운송업,"여객운송,화물운송,항공기 제조,판매,정비수리/기내식 제조판매,면세품 판매",1966-03-18,12월,"조원태, 우기홍",http://www.koreanair.com,서울특별시,대한항공
203,5880,KOSPI,대한해운,해상 운송업,"외항화물운송,국제해운대리점",1992-04-23,12월,김만태,http://www.korealines.co.kr,서울특별시,/g/122389lb
204,3830,KOSPI,대한화섬,화학섬유 제조업,"화학섬유원사(FY,PTY,S.FIBER)제조",1985-12-23,12월,박재용,http://www.daehansf.co.kr,서울특별시,대한화섬
205,16090,KOSPI,대현,봉제의복 제조업,"여성의류 및 악세사리류 제조,도매,유통(백화점)",1990-09-20,12월,신현균,http://www.daehyun.co.kr,서울특별시,대현
206,69460,KOSPI,대호에이엘,1차 비철금속 제조업,"알루미늄 환절판 제조,도매,무역",2002-11-11,12월,노영호,http://www.daeho-al.com,대구광역시,/g/11b6_qbbyg
207,12510,KOSPI,더존비즈온,"컴퓨터 프로그래밍, 시스템 통합 및 관리업",응용 소프트웨어 개발 및 공급업,1988-10-28,12월,김용우,http://www.douzone.com,강원도,더존비즈온
208,4830,KOSPI,덕성,플라스틱제품 제조업,"플라스틱레쟈,합성수지,합성피혁 제조,도매",1987-09-25,12월,이봉근,http://www.duksung21.com,경기도,덕성
209,24900,KOSPI,덕양산업,자동차 신품 부품 제조업,"자동차부품(CRASH PAD,TRIM PANEL) 제조,판매",1997-06-23,12월,"윤성희, 손동인, 한상욱(각자대표이사)",http://www.duckyang.co.kr,울산광역시,덕양산업
210,2150,KOSPI,도화엔지니어링,"건축기술, 엔지니어링 및 관련 기술 서비스업","토목설계,건축설계,종합감리전문업,종합기술용역,엔지니어링",2010-08-12,12월,"김영윤, 박승우, 곽준상, 김덕구",http://www.dohwa.co.kr,서울특별시,도화엔지니어링
211,1230,KOSPI,동국제강,1차 철강 제조업,"후판,철근,강판,형강,앵글,찬넬,평철 제조,판매",1988-05-09,12월,"장세욱, 김연극",http://www.dongkuk.co.kr,서울특별시,/m/05c60r
212,23450,KOSPI,동남합성,기초 화학물질 제조업,"계면활성제,정밀화학품 제조,도매/부동산 임대",1996-12-24,12월,"김정돈, 박미령 (각자대표)",http://www.dongnamchem.com,충청남도,
213,4140,KOSPI,동방,기타 운송관련 서비스업,"육상운송,해상운송,항만화물하역,보관,창고,물류사업",1988-08-10,12월,"김형곤, 성경민",http://www.dongbang.co.kr,서울특별시,동방
214,7590,KOSPI,동방아그로,"비료, 농약 및 살균, 살충제 제조업","농약(잡초발생전 토양처리형 밭잡초약,부메랑,주움,그라목손) 제조,도매",1977-06-29,12월,"염병만, 염병진",http://www.dongbangagro.co.kr,서울특별시,
215,5960,KOSPI,동부건설,토목 건설업,"건축공사,토목공사,전기공사,기계설비공사/비금속,철구조물 제조,판매/여객,자동차 운송,항만하역",1978-10-30,12월,허상희,http://dbcon.dongbu.co.kr,서울특별시,/g/11b6tdfzf_
216,2210,KOSPI,동성제약,의약품 제조업,"의약품,화장품 제조,도매",1990-01-19,12월,이양구,http://dongsung-pharm.co.kr,서울특별시,동성제약
217,640,KOSPI,동아쏘시오홀딩스,기타 금융업,"의약품(피로회복제/박카스,병원용의약품),비의약품(의료기기,염모제,가글제) 제조,도소매/화장품 생산",1970-02-10,12월,정재훈,http://www.donga.co.kr,서울특별시,/g/11f5hh24y1
218,170900,KOSPI,동아에스티,의약품 제조업,"스티렌, 자이데나",2013-04-08,12월,"엄대식, 한종현(각자대표)",http://www.donga.co.kr,서울특별시,/g/11n13zjfjb
219,28100,KOSPI,동아지질,기반조성 및 시설물 축조관련 전문공사업,"보링그라우팅공사,토공사,철근콘크리트공사,상하수도공사,비계구조물해체공사,수중공사/지질조사,시공감리",2009-06-12,12월,최재우,http://www.dage.co.kr,부산광역시,
220,1520,KOSPI,동양,"시멘트, 석회, 플라스터 및 그 제품 제조업",레미콘/건설공사/산업용 송풍기,1976-06-25,12월,정진학,http://www.tongyanginc.co.kr,서울특별시,동양
221,84670,KOSPI,동양고속,육상 여객 운송업,고속버스 운송/부동산 임대,2005-07-25,12월,백남근,http://www.dyexpress.co.kr,경기도,동양고속
222,82640,KOSPI,동양생명,보험업,생명보험,2009-10-08,12월,"뤄젠룽(Luo, Jian Rong)",http://www.myangel.co.kr,서울특별시,동양생명
223,8970,KOSPI,동양철관,1차 철강 제조업,"수도용 도복장 강관,주물(강관말뚝),가스관 제조/아파트건설",1977-03-05,12월,이곽우,http://www.dysp.co.kr,충청남도,
224,49770,KOSPI,동원F&B,기타 식품 제조업,"참치캔,음료,냉동식품 제조,판매",2000-11-23,12월,김재옥,http://www.dongwonfnb.com,서울특별시,/g/1z3t2vjxj
225,18500,KOSPI,동원금속,자동차 신품 부품 제조업,"자동차부품(도어후레임,머플러,임팩트빔),강관 제조,판매",1995-11-10,03월,"이은우, 박승룡",http://www.dwmic.com,경상북도,
226,6040,KOSPI,동원산업,어로 어업,"원양어업,수산물가공(참치캔,맛김,어묵,맛살),도소매/음료사업(상쾌한아침)",1989-03-07,12월,이명우,http://dwml.co.kr/,서울특별시,/g/121xkgkb
227,30720,KOSPI,동원수산,어로 어업,"원양어업/수산물 제조,가공/참치어류 냉동냉장업",1996-11-22,12월,단독대표이사 사장 왕기철,http://www.dongwonfish.co.kr,서울특별시,
228,14820,KOSPI,동원시스템즈,플라스틱제품 제조업,포장용 플라스틱제품 제조 외,1994-03-29,12월,"조점근, 서범원",http://dongwonsystems.com/,경기도,/g/11b_jvty7
229,163560,KOSPI,동일고무벨트,고무제품 제조업,"산업용고무제품, 종합고무부품",2012-10-19,12월,이윤환,http://www.drbworld.com,부산광역시,
230,4890,KOSPI,동일산업,1차 철강 제조업,"봉강,합금철,철근,마봉강,냉간압조용선재,주조,지선,주강,다이아몬드공구 제조,도매",2005-06-30,12월,"오순택, 오승민",http://www.dongil.co.kr,경상북도,동일산업
231,2690,KOSPI,동일제강,1차 철강 제조업,"PC강연선, 경강선, 도금선, 마봉강",2015-09-24,12월,"김준년, 김우진, 임범수",http://www.dongil-steel.com,경기도,
232,20,KOSPI,동화약품,의약품 제조업,"의약품 제조,판매,수출입",1976-03-24,12월,유준하,http://www.dong-wha.co.kr,서울특별시,/m/0nbfqcm
233,150,KOSPI,두산,회사 본부 및 경영 컨설팅 서비스업,"동박적층판 등 제조 및 판매, 유압기기 등 제조 및 판매, 지게차 제조 및 판매, IT 시스템 개발/운영 서비스 등, 연료전지 등",1973-06-29,12월,"박정원, 김민철, 곽상철",http://www.doosancorp.co.kr,서울특별시,두산
234,34020,KOSPI,두산중공업,일반 목적용 기계 제조업,"기관,터어빈,선박용엔진,주단조품,제강제품 제조/종합건설",2000-10-25,12월,"박지원, 정연인, 박상현",http://www.doosanheavy.com,경상남도,/m/09pfxd
235,24090,KOSPI,디씨엠,1차 철강 제조업,"PCM(칼라강판),라미네이트강판,산업용필름 제조,판매",1999-08-18,12월,정연택,http://www.dcmcorp.co.kr,경상남도,
236,3160,KOSPI,디아이,"측정, 시험, 항해, 제어 및 기타 정밀기기 제조업; 광학기기 제외","반도체검사장비,전자부품,레저용품,석제품 제조,판매,오파,부동산임대업",1996-07-31,12월,"박원호, 장일선",http://www.di.co.kr,서울특별시,/m/0n8z0gl
237,92200,KOSPI,디아이씨,자동차 신품 부품 제조업,"자동차부품(트란스밋숀,프런트액슬,기어,전동축),변속동력전달장치,특수공구,농기계 및 산업기계부품 제조,무역",2007-10-18,12월,김정렬,http://dicorp.co.kr,울산광역시,
238,13570,KOSPI,디와이,기타 금융업,"자동차부품,유공압기기,소각로,자동세차기,하훼유통,발효기,모터 제조",1989-05-30,12월,김지현,http://www.dy.co.kr,인천광역시,디와이
239,210540,KOSPI,디와이파워,특수 목적용 기계 제조업,유공압기기 등,2015-01-15,12월,박치웅,http://power.dy.co.kr,경상남도,/g/1q6bb7_ky
240,7340,KOSPI,디티알오토모티브,일차전지 및 축전지 제조업,자동차용 밧데리,1988-09-24,12월,김상헌 김원종,http://www.x-probattery.co.kr,울산광역시,/g/11hb7f89b3
241,26890,KOSPI,디피씨,"전동기, 발전기 및 전기 변환 · 공급 · 제어 장치 제조업","전자레인지용 고압변성기,리엑터,디지탈위성방송수신기 제조",1997-11-25,12월,"도용환, 이태고",http://www.dpc.co.kr,경기도,디피씨
242,32350,KOSPI,롯데관광개발,여행사 및 기타 여행보조 서비스업,"국내외여행알선,관광개발,전세운수,항공권매매대행",2006-06-08,12월,"김기병, 백현, 김한준",http://lottetour.com,제주특별자치도,/g/11bxg0k276
243,400,KOSPI,롯데손해보험,보험업,손해보험업,1971-04-16,12월,이명재,http://www.lotteins.co.kr,서울특별시,롯데손해보험
244,23530,KOSPI,롯데쇼핑,종합 소매업,"백화점(의류,식품 및 잡화),할인점 운영/전자상거래",2006-02-09,12월,강성현,http://www.lotteshoppingir.com/,서울특별시,/m/0cmd3l
245,4000,KOSPI,롯데정밀화학,기초 화학물질 제조업,"염소·셀룰로스계열, 암모니아 계열, 전자재료 등 화학제품 제조",1976-04-15,12월,김우찬,http://www.lottefinechem.com,울산광역시,/g/12148t14
246,4990,KOSPI,롯데지주,기타 금융업,지주회사,1974-02-16,12월,"신동빈,송용덕,이동우",http://www.lotte.co.kr,서울특별시,/m/05h3cdr
247,5300,KOSPI,롯데칠성,비알코올음료 및 얼음 제조업,"청량음료,과채류음료,곡류음료,주류 제조,판매/자동차정비,연수원",1973-06-21,12월,박윤기,http://company.lottechilsung.co.kr,서울특별시,롯데칠성
248,11170,KOSPI,롯데케미칼,기초 화학물질 제조업,"폴리프로필렌,고밀도폴리에틸렌,에틸렌글리콜,벤젠,에틸렌옥사이드,합성지,부산물 제조",1991-05-30,12월,"신동빈,김교현,이영준,황진구",http://www.lottechem.com,서울특별시,/g/11b6thsc70
249,2270,KOSPI,롯데푸드,낙농제품 및 식용빙과류 제조업,"빙과,유지,식품 제조",1973-05-09,12월,이진성,http://www.lottefoods.co.kr,서울특별시,/g/1269mxcky
250,71840,KOSPI,롯데하이마트,가전제품 및 정보통신장비 소매업,"가전제품,잡화 도소매/부동산 임대",2011-06-29,12월,황영근,http://company.himart.co.kr,서울특별시,/m/08w2_3
251,27740,KOSPI,마니커,"도축, 육류 가공 및 저장 처리업","닭고기,햄,계육가공제품,계육,육가공제품 제조,판매,유통/양계관련사업/부동산임대/수출입대행",2002-10-29,12월,최상웅,http://www.maniker.co.kr,경기도,/m/0nbdl6l
252,204320,KOSPI,만도,자동차 신품 부품 제조업,"제동장치, 조향장치, 현가장치",2014-10-06,12월,"정몽원, 김광헌, 조성현 (각자 대표이사)",http://www.mando.com,경기도,/m/0524g0v
253,1080,KOSPI,만호제강,1차 철강 제조업,"와이어로프,합성섬유로프,특수강선 제조,수출,임대",1977-06-18,06월,김상환,http://www.manhorope.com,부산광역시,
254,88980,KOSPI,맥쿼리인프라,신탁업 및 집합투자업,증권투자회사,2006-03-15,12월,맥쿼리자산운용(주),http://www.macquarie.com/kr/kr/mkif/index.html,서울특별시,맥쿼리인프라
255,138040,KOSPI,메리츠금융지주,기타 금융업,투자사업,2011-05-13,12월,김용범,http://www.meritzgroup.com,서울특별시,
256,8560,KOSPI,메리츠증권,금융 지원 서비스업,"유가증권의 위탁매매,자기매매,인수공모주선업무",1992-01-15,12월,최희문,http://www.imeritz.com,서울특별시,/g/11c30vzr18
257,60,KOSPI,메리츠화재,보험업,"손해보험(화재,해상,운송보험)",1956-07-02,12월,김용범,http://www.meritzfire.com,서울특별시,/m/03nx6m7
258,90370,KOSPI,메타랩스,봉제의복 제조업,"여성용 의류(캐쥬얼티셔츠,바지) 제조",2006-12-26,12월,유지헌,http://www.metalabs.co.kr,서울특별시,
259,17180,KOSPI,명문제약,의약품 제조업,"의약품(ROBAXIN 주사,KIMITE패취) 제조,판매",2008-07-10,12월,배철한,http://www.mmpharm.co.kr,경기도,명문제약
260,12690,KOSPI,모나리자,기타 종이 및 판지 제품 제조업,"화장지,미용티슈 제조,도매",1988-10-14,12월,박세훈,http://www.monarisa.co.kr,서울특별시,모나리자
261,5360,KOSPI,모나미,생활용품 도매업,"BP153(BALL POINT PEN), P-3000(PLUS PEN), 유성매직, 보드마카, 네임펜, PARKER, WARTERMAN, 색연필",1974-06-26,12월,송하경,http://www.monami.com,경기도,모나미
262,9680,KOSPI,모토닉,자동차 신품 부품 제조업,"자동차용 기화기(캬브레타,다이캐스트,연료펌프) 제조,판매",1994-01-14,12월,"김영봉, 신현돈(각자 대표이사)",http://www.motonic.co.kr,서울특별시,/g/11b6b4m9v5
263,9580,KOSPI,무림P&P,"펄프, 종이 및 판지 제조업","표백화학펄프(B.K.P) 제조,목재가공,조림사업",1989-06-20,12월,이도균,http://www.moorimpnp.co.kr,울산광역시,/g/11bxg05rdx
264,9200,KOSPI,무림페이퍼,"펄프, 종이 및 판지 제조업","지류,아트지,백상지 제조",1990-06-09,12월,이도균,http://www.moorim.co.kr,경상남도,/g/11c6qs1ztt
265,33920,KOSPI,무학,알코올음료 제조업,소주,2010-07-20,12월,"최재호, 이수능 (각자 대표이사)",http://www.muhak.co.kr,경상남도,무학
266,8420,KOSPI,문배철강,1차 철강 제조업,"철강재중 판재류(후판,박판,무늬강판) 제조,도매",1994-11-05,12월,배종민,http://www.moonbaesteel.co.kr,서울특별시,
267,25560,KOSPI,미래산업,"측정, 시험, 항해, 제어 및 기타 정밀기기 제조업; 광학기기 제외","PCB마운터,반도체검사장비(반도체테스트핸들러),LCD 검사장비,리드프레임매가진 제조,도매,무역",1996-11-22,12월,선종업,http://www.mirae.co.kr,충청남도,/m/01311kjf
268,7120,KOSPI,미래아이앤지,"컴퓨터 프로그래밍, 시스템 통합 및 관리업","CCTV, DVR제조, 금융솔루션, 방산제품",1999-11-26,12월,김학수,http://www.miraeing.co.kr,서울특별시,미래아이앤지
269,85620,KOSPI,미래에셋생명,보험업,생명보험상품,2015-07-08,12월,변재상,http://life.miraeasset.com,서울특별시,미래에셋생명
270,6800,KOSPI,미래에셋증권,금융 지원 서비스업,"유가증권매매,유가증권위탁매매,유가증권인수",1975-09-30,12월,최현만,http://securities.miraeasset.com,서울특별시,미래에셋증권
271,2840,KOSPI,미원상사,기타 화학제품 제조업,"계면활성제,분황,황산,도료첨가제,프라스틱첨가제 제조",1989-09-25,12월,"홍창식, 손응주",http://www.mwc.co.kr,경기도,/g/11c6r9hlkf
272,134380,KOSPI,미원화학,기타 화학제품 제조업,"계면활성제, 황산및분황",2011-02-15,12월,정규식,http://www.miwonchemicals.com,울산광역시,/g/11b_lw5zx
273,3650,KOSPI,미창석유,석유 정제품 제조업,"윤활유,고무배합유,전기절연유 제조,판매,수출입",1989-09-27,12월,유재순,http://www.michang.co.kr,부산광역시,
274,3610,KOSPI,방림,직물직조 및 직물제품 제조업,"P/C혼방직물,면방적,각종사류,직물류 제조,도소매",1989-05-30,09월,서재희 대표집행임원,http://www.pangrim.com,서울특별시,방림
275,1340,KOSPI,백광산업,기초 화학물질 제조업,"가성소다,합성염산 제조,판매",1976-06-10,12월,김성훈,http://www.pkic.co.kr,전라북도,
276,35150,KOSPI,백산,플라스틱제품 제조업,"P.U.인조피혁,부직포인공피혁 제조,무역",1999-08-11,12월,"김상화, 김한준(각자 대표이사)",http://www.baiksan.co.kr,경기도,백산
277,2410,KOSPI,범양건영,건물 건설업,"토목공사,주택건설,건축공사,난방공사,전기공사,포장공사",1988-05-25,12월,"강병주, 이동주 (각자대표)",http://www.iby.co.kr,부산광역시,/g/11b6dn3gj3
278,7210,KOSPI,벽산,기타 비금속 광물제품 제조업,"단열재, 천장재, 외장재, 내장재, 외단열, 바닥재 등",1972-01-04,12월,김 성 식,http://www.byucksan.com,서울특별시,벽산
279,2760,KOSPI,보락,기타 화학제품 제조업,"식품향료,식품첨가물,화학제품,껌베이스(자일리톨,에리스리톨),담배향료 제조,판매",1989-11-30,12월,정기련,http://www.bolak.co.kr,경기도,보락
280,3850,KOSPI,보령제약,의약품 제조업,"의약품(제산제(겔포스),구심,용각산,고혈압치료제(카프릴),소염진통제(멘소레담),항생제(듀리세프),혈전치료제(아스트릭스)) 제조",1988-10-24,12월,장두현,http://www.boryung.co.kr,서울특별시,보령제약
281,890,KOSPI,보해양조,알코올음료 제조업,"주류(소주,매취,실비우스,위스키) 제조,음료 도매",1988-09-23,12월,"임지선, 조영석",http://www.bohae.co.kr,전라남도,/m/0gmd3sb
282,3000,KOSPI,부광약품,의약품 제조업,"의약품,치약,의약부외품(부광탁스,레가론,부광안티프라그) 제조",1988-08-05,12월,유희원,http://www.bukwang.co.kr,서울특별시,/g/1yg4ddgyq
283,1270,KOSPI,부국증권,금융 지원 서비스업,"유가증권 매매,위탁매매,인수,주선",1988-07-19,12월,박현철,http://www.bookook.co.kr,서울특별시,/g/11k_54yc7j
284,26940,KOSPI,부국철강,1차 철강 제조업,철강,2008-10-14,12월,남상규/손일호,http://www.bks.co.kr,광주광역시,
285,15350,KOSPI,부산가스,연료용 가스 제조 및 배관공급업,"도시가스 배관공급,가스기기 판매,설비공사",1997-06-23,12월,구태고,http://www.busangas.co.kr,부산광역시,부산가스
286,11390,KOSPI,부산산업,"시멘트, 석회, 플라스터 및 그 제품 제조업","레미콘 제조,판매",1990-09-14,12월,정영교,http://www.busanind.co.kr,부산광역시,부산산업
287,5030,KOSPI,부산주공,자동차 신품 부품 제조업,"자동차부품(엔진부품,조향장치부품,브레이장치부품,오토미셧부품) 제조,도매/부동산 임대",1975-12-26,12월,장세훈,http://www.pci21c.com,부산광역시,
288,2070,KOSPI,비비안,봉제의복 제조업,"여성내의류(스타킹,화운데이숀,란제리),카바링사 제조,수출입/부동산 매매,임대",1976-07-13,12월,손영섭,http://www.namyeung.co.kr,서울특별시,비비안
289,100220,KOSPI,비상교육,"서적, 잡지 및 기타 인쇄물 출판업","참고서 출판/소프트웨어 개발,공급",2008-06-30,12월,양태회,http://www.visang.com,서울특별시,비상교육
290,30790,KOSPI,비케이탑스,"컴퓨터 프로그래밍, 시스템 통합 및 관리업","시스템통합소프트웨어 개발, 전자상거래",2010-11-02,12월,정상용,http://www.bktops.co.kr,서울특별시,
291,5180,KOSPI,빙그레,낙농제품 및 식용빙과류 제조업,"아이스크림,우유,스낵,유산균(욥닥터캡슐) 제조",1978-08-31,12월,전창원,http://www.bing.co.kr,경기도,/g/121wt1cz
292,3960,KOSPI,사조대림,수산물 가공 및 저장 처리업,"게맛살,어육연제품,식용류,배합사료 제조",1976-09-16,12월,김상훈,http://dr.sajo.co.kr,서울특별시,/g/11g_vqp47d
293,8040,KOSPI,사조동아원,"곡물가공품, 전분 및 전분제품 제조업","제분, 배합사료 제조",1989-06-24,12월,"이인우, 노동환",http://www.dongaone.com,서울특별시,/g/11bycx8lx7
294,7160,KOSPI,사조산업,어로 어업,"원양어업(참치,명태,오징어),육가공,참치통조림,장류 제조/냉동냉장 창고운영/부동산 임대/컴퓨터,소프트웨어 개발,도매/팝콘,구운김 도매",1989-07-25,12월,"이창주, 김치곤 (각자대표)",http://www.sajo.co.kr,서울특별시,/g/11h6t_mcnb
295,14710,KOSPI,사조씨푸드,수산물 가공 및 저장 처리업,횟감용 참치 및 기타 일반수산물,2012-06-29,12월,최세환,http://www.sajosf.co.kr,서울특별시,/g/11b_kmtv_
296,6090,KOSPI,사조오양,수산물 가공 및 저장 처리업,"원양어업/수산물가공(게맛살) 제조,수출입/냉동 및 냉장보관/부동산 임대",1986-12-24,12월,정태식,http://www.sajooy.com,서울특별시,사조오양
297,1470,KOSPI,삼부토건,토목 건설업,"토목공사,건축공사,포장공사,건설업,분양사업/건설자재 제조",1976-06-26,12월,"이응근,이계연",http://www.sambu.co.kr,서울특별시,/g/11c71bb6y6
298,6400,KOSPI,삼성SDI,일차전지 및 축전지 제조업,"2차전지, 전자재료 제조 판매",1979-02-27,12월,전영현,http://www.samsungsdi.co.kr,경기도,/m/0nbd0tj
299,6660,KOSPI,삼성공조,자동차 신품 부품 제조업,"자동차부품(라디에터,오일쿨러,인터쿨러) 제조,판매",1987-11-28,12월,고호곤,http://www.samsungcc.co.kr,경상남도,
300,28260,KOSPI,삼성물산,기타 전문 도매업,"도소매, 건설, 남자용 정장 제조업 등",2014-12-18,12월,"고정석, 오세철, 한승환",http://www.samsungcnt.com,서울특별시,/m/06ztvqs
301,32830,KOSPI,삼성생명,보험업,"생명보험,부동산 임대",2010-05-12,12월,전영묵,http://www.samsunglife.com,서울특별시,삼성생명
302,18260,KOSPI,삼성에스디에스,"컴퓨터 프로그래밍, 시스템 통합 및 관리업","IT서비스, 물류BPO",2014-11-14,12월,황성우,http://www.samsungsds.com,서울특별시,/m/04n4xpg
303,28050,KOSPI,삼성엔지니어링,"건축기술, 엔지니어링 및 관련 기술 서비스업","산업설비,건물,구축물,토목시설의 설계,시공,공사감리",1996-12-24,12월,최성안,http://www.samsungengineering.co.kr,서울특별시,/m/027kmt1
304,9150,KOSPI,삼성전기,전자부품 제조업,"영상,음향,통신장비,모듈,다층인쇄회로기판,적층세라믹콘덴서,고주파필터,전압제어발진기,온도보상형수정발진기,칩인덕터,디지털위성방송수신기,광픽업,편향코일",1979-02-27,12월,경계현,http://www.sem.samsung.co.kr,경기도,/m/027tb1q
305,5930,KOSPI,삼성전자,통신 및 방송 장비 제조업,"IMT2000 서비스용 동기식 기지국,교환국장비,데이터단말기,동영상휴대폰,핵심칩,반도체제품,사무,계산 및 회계용기계",1975-06-11,12월,"김기남, 김현석, 고동진",http://www.sec.co.kr,경기도,/m/01nn79
306,1360,KOSPI,삼성제약,의약품 제조업,"의약품(까스명수,쓸기담,에프킬라에어졸,액체우황청심원) 제조,도매",1975-07-04,12월,"김상재, 김기호 각자대표",http://www.sspharm.co.kr,경기도,/g/11cfjl5lz
307,10140,KOSPI,삼성중공업,선박 및 보트 건조업,"선박(벌크선,원유운반선),철구조물,에너지플랜트 생산,판매/토목건축업",1994-01-28,12월,정진택,http://www.samsungshi.com,경기도,/m/0403pvq
308,16360,KOSPI,삼성증권,금융 지원 서비스업,"유가증권의 매매,위탁매매,인수주선",1988-03-28,12월,장석훈,http://www.samsungpop.com,서울특별시,삼성증권
309,68290,KOSPI,삼성출판사,"서적, 잡지 및 기타 인쇄물 출판업","서적 출판,인쇄,소매/부동산 임대",2002-08-05,12월,김진용,http://www.samsungbooks.com,서울특별시,삼성출판사
310,29780,KOSPI,삼성카드,기타 금융업,"신용카드업,상품신용판매,현금서비스,카드론,리스,기업대출,여행업무,통신판매",2007-06-27,12월,김대환,http://www.samsungcard.co.kr,서울특별시,/m/0fqpb_
311,810,KOSPI,삼성화재,보험업,"손해보험의 원수,재보험,운용자산의 투자활동",1975-06-30,12월,최영무,http://www.samsungfire.com,서울특별시,삼성화재
312,6110,KOSPI,삼아알미늄,1차 비철금속 제조업,"알루미늄박지,은박지,은박가공품,알페이스트 제조,도매,수출",1980-12-05,12월,"한남희,하상용",http://www.sama-al.com,경기도,
313,145990,KOSPI,삼양사,기타 식품 제조업,설탕,2011-12-05,12월,"송자량, 강호성",http://www.samyangcorp.com,서울특별시,삼양사
314,3230,KOSPI,삼양식품,기타 식품 제조업,"라면,스낵,유제품,장유,식용유,사료,향신료,건강음료(루이보스 티) 제조,도매",1975-06-30,12월,"정태운, 진종기",http://www.samyangfoods.com,서울특별시,/m/0cc8b7f
315,2170,KOSPI,삼양통상,"가죽, 가방 및 유사제품 제조업","피혁원단,혁제운동화,혁제장갑,혁제스포츠용품 제조,상품중개,무역",1989-11-10,12월,허남각,http://www.samyangts.com,서울특별시,/g/11b6cvkhrr
316,70,KOSPI,삼양홀딩스,기타 금융업,"지주회사,경영자문컨설팅",1968-12-27,12월,"엄태웅, 윤재엽",http://www.samyang.com,서울특별시,/g/11b6bqdns6
317,2810,KOSPI,삼영무역,기타 전문 도매업,"화공약품, 안경렌즈",1988-03-28,12월,이승용,http://www.samyung.co.kr,서울특별시,
318,5680,KOSPI,삼영전자,전자부품 제조업,"전자부품(알루미늄 전해콘덴서),전기이중층콘덴서,센서 제조,도매",1976-12-28,12월,"변동준, 김성수(각자 대표이사)",http://www.samyoung.co.kr,경기도,삼영전자
319,3720,KOSPI,삼영화학,플라스틱제품 제조업,"합성수지(BOPP,캐파시타),PPC,랩,종이상자(카톤팩) 제조",1976-06-30,12월,이석준,http://www.sycc.co.kr,서울특별시,
320,23000,KOSPI,삼원강재,자동차 신품 부품 제조업,"열간압연제품(평강,봉강,특수이형강,환강,자동차용 겹판스프링) 제조,판매",2011-07-22,12월,"허재철, 장범석 (각자대표)",http://www.samwon-steel.co.kr,경상북도,/g/11b_l3q46
321,4380,KOSPI,삼익THK,일반 목적용 기계 제조업,"직선운동시스템,메카트로시스템,기타정밀 자동화기기 제조,판매/전자상거래,인터넷 관련 s/w,h/w 개발,판매,유지보수",1989-09-26,12월,"진영환, 전영배",http://www.samickthk.co.kr,대구광역시,/g/11c534k2xv
322,2450,KOSPI,삼익악기,악기 제조업,"피아노,기타,현악기,전자악기,동 부분품 제조,임대,도매",1988-09-30,12월,"김종섭, 이형국",http://www.samick.co.kr,충청북도,/m/05kz8p
323,520,KOSPI,삼일제약,의약품 제조업,"양약(부루펜,액티피드,포리부틴) 제조,도매",1985-05-29,12월,"허승범, 김상진 (각자 대표이사)",http://www.samil-pharm.com,서울특별시,삼일제약
324,9770,KOSPI,삼정펄프,"펄프, 종이 및 판지 제조업","지류화장지,안면용,위생용 티슈 제조,판매",2006-10-17,12월,전성오,http://www.sjpulp.com,경기도,
325,5500,KOSPI,삼진제약,의약품 제조업,"의약품(게보린,세트라졸,염산나록손) 제조,판매,수출입,약초재배",1988-06-18,12월,"장홍순, 최용주",http://www.samjinpharm.co.kr,서울특별시,/g/11b_k31ny
326,4690,KOSPI,삼천리,연료용 가스 제조 및 배관공급업,도시가스 공급/부동산 임대,1976-12-23,12월,"이찬의, 유재권",http://www.samchully.co.kr,서울특별시,삼천리
327,10960,KOSPI,삼호개발,기반조성 및 시설물 축조관련 전문공사업,"토공사,철근콘크리트공사,포장공사,미장방수공사,상하수도공사,수중공사,비계구조물해체공사/골재,아스콘 제조,판매,중기임대",2005-05-12,12월,심재범,http://www.samhodev.co.kr/,충청남도,/g/11b6d1knj0
328,4450,KOSPI,삼화왕관,기타 금속 가공제품 제조업,"납세용 일반병마개,알루미늄캡,플라스틱캡 제조,판매,금속인쇄,수출",1976-05-28,12월,고기영,http://www.samhwa.co.kr,경기도,
329,9470,KOSPI,삼화전기,전자부품 제조업,"콘덴서 제조,판매",1986-11-24,12월,"오영주, 박종온",http://www.samwha.co.kr,충청북도,삼화전기
330,11230,KOSPI,삼화전자,영상 및 음향기기 제조업,"전자부품(페라이트 코어,SMPS,편향요크(DY),고압변성기(FBT)용코어) 제조,판매",1987-05-25,12월,"오영주, 이건화",http://www.samwha.co.kr,경기도,
331,1820,KOSPI,삼화콘덴서,전자부품 제조업,콘덴서(축전기) 제조,1976-06-26,12월,"오영주, 박진",http://www.samwha.com,경기도,삼화콘덴서
332,390,KOSPI,삼화페인트,기타 화학제품 제조업,"건축용페인트,공업용페인트,분체도료 등 제조",1993-09-10,12월,"오진수,류기붕(각자대표)",http://www.samhwa.com,경기도,삼화페인트
333,1290,KOSPI,상상인증권,금융 지원 서비스업,유가증권 매매,1988-09-23,12월,이명수,http://www.sangsanginib.com,서울특별시,
334,41650,KOSPI,상신브레이크,자동차 신품 부품 제조업,"자동차 브레이크 슈 어셈블리,브레이크패드 제조/군납업,무역/부동산 임대",2004-10-27,12월,"김효일, 박세종",http://www.sangsin.com,대구광역시,상신브레이크
335,75180,KOSPI,새론오토모티브,자동차 신품 부품 제조업,"자동차부품(브레이크패드,라이닝)",2005-10-21,12월,"정경호, 이시이 야스지",http://www.saeronauto.co.kr,충청남도,
336,7540,KOSPI,샘표,기타 금융업,"간장,된장,고추장 제조,가공,판매,무역",1976-06-29,12월,박진선,http://www.sempio.com,서울특별시,샘표
337,7860,KOSPI,서연,기타 금융업,"자동차부품(승용차내장품-도어트림,헤드라이닝,승용차시트) 제조,도매",1989-09-09,12월,유양석,http://www.seo-yon.com,경기도,서연
338,200880,KOSPI,서연이화,자동차 신품 부품 제조업,자동차 도어 트림 및 시트,2014-08-08,12월,강용석,http://www.seoyoneh.com,경기도,/g/1225_x9h
339,17390,KOSPI,서울가스,연료용 가스 제조 및 배관공급업,"도시가스공급,가스공급설비공사",1995-08-18,12월,공동대표이사 박근원 공동대표이사 김진철,http://www.seoulgas.co.kr,서울특별시,
340,4410,KOSPI,서울식품,기타 식품 제조업,"빵,스넥,마아가린,유지류,사료 제조,도매",1973-12-28,12월,서성훈,http://seoul-food.co.kr,충청북도,서울식품
341,21050,KOSPI,서원,금속 주조업,"비철금속(황동 빌레트,인코트) 제조,재생원료생산",1996-01-30,12월,"조시영, 조경호",http://www.swbrass.co.kr,경기도,서원
342,8490,KOSPI,서흥,기타 화학제품 제조업,"의약품(하드캅셀,건강보조식품,소프트캅셀),건강보조식품,인삼제품 제조,판매",1990-03-27,12월,양주환,http://www.suheung.com,충청북도,/g/11byc_tzsn
343,7610,KOSPI,선도전기,"전동기, 발전기 및 전기 변환 · 공급 · 제어 장치 제조업","수배전반,중전기기 제조,도매/전기공사",1989-11-30,12월,"전동준, 남삼우(각자 대표이사)",http://www.seondo.co.kr,경기도,
344,14910,KOSPI,성문전자,전자부품 제조업,"콘덴서용 증착필름,압력분무식 플러스자동도포기 제조,판매",1990-03-24,12월,신준섭,http://www.smec-korea.co.kr,경기도,
345,3080,KOSPI,성보화학,"비료, 농약 및 살균, 살충제 제조업","완제농약(해비치과립,카스텔란),원제농약(슈퍼유나니,다이아톤) 제조,도매",1976-12-23,12월,윤정선,http://www.sbcc.kr,경기도,
346,4980,KOSPI,성신양회,"시멘트, 석회, 플라스터 및 그 제품 제조업","시멘트,레미콘 제조",1976-06-30,12월,김상규,http://www.sungshincement.co.kr,서울특별시,/g/122ymtzf
347,11300,KOSPI,성안,직물직조 및 직물제품 제조업,"제직,염색,폴리에스터직물,자수직물봉제 제조,판매/임대료,관리비 수입",1995-11-10,12월,박상태,http://www.startex.co.kr,대구광역시,/m/0nbdw7g
348,180,KOSPI,성창기업지주,회사 본부 및 경영 컨설팅 서비스업,"합판, 마루, 파티클보드, 우드칩, 포르말린 등 제조",1976-06-02,12월,우인석,http://www.sce.kr,부산광역시,
349,2420,KOSPI,세기상사,"영화, 비디오물, 방송프로그램 제작 및 배급업","극장(영화상영)/극영화,만화영화 제조/음식료품,일용잡화 소매/부동산 임대",1968-12-27,12월,조영준,http://daehancinema.com,서울특별시,
350,4360,KOSPI,세방,도로 화물 운송업,"도로운송,항만하역,창고,지게차 임대",1977-05-19,12월,최종일,http://www.sebang.com,부산광역시,/g/11b6b9bxd1
351,4490,KOSPI,세방전지,일차전지 및 축전지 제조업,"자동차용 및 산업용 축전지(연축전지) 제조,판매",1987-11-28,12월,"대표이사 원성연, 대표이사 차주호",http://www.gbattery.com,서울특별시,/g/11b6b9bxd1
352,1430,KOSPI,세아베스틸,1차 철강 제조업,"특수강,철도용품,자동차부품 제조,수출입",1991-03-12,12월,"김철희, 박준두",http://www.seahbesteel.co.kr,서울특별시,/g/11b6b49vpd
353,3030,KOSPI,세아제강지주,기타 금융업,경영컨설팅업,1969-05-13,12월,"이순형, 김태현",http://www.seahsteel.co.kr/company/holdings/,서울특별시,/g/11b6bbm7mc
354,19440,KOSPI,세아특수강,1차 철강 제조업,"냉간압조용선재,마봉강,스테인레스봉강 제조",2011-06-01,12월,서영범,http://www.seahsp.co.kr,경상북도,/g/1jk_8mqks
355,58650,KOSPI,세아홀딩스,1차 철강 제조업,지주회사/투자 및 경영컨설팅/부동산 임대,2001-07-30,12월,"이태성, 천정철",http://www.seahholdings.co.kr,서울특별시,/g/11bxfvnvn4
356,13000,KOSPI,세우글로벌,기타 전문 도매업,"화공약품.엔지니어링 플라스틱,페놀계제품,석유화학제품 판매/철재가구,사무목재가구 제조/교육사업",1989-09-05,12월,안백순,http://www.sewoo21.co.kr,인천광역시,세우글로벌
357,91090,KOSPI,세원이앤씨,"구조용 금속제품, 탱크 및 증기발생기 제조업","화학플랜트 설비,기계 제작(음식료,석유화학사업관련)/유공압기기 판매",2006-07-31,12월,"유승주, 이종인 (공동 대표이사)",http://www.sewonenc.com,경상남도,/g/11c6qvbvfl
358,21820,KOSPI,세원정공,자동차 신품 부품 제조업,"자동차부품(차체류,램프류) 제조",1996-07-03,06월,"김문기, 김상현",http://www.se-won.co.kr,대구광역시,
359,67830,KOSPI,세이브존I&C,종합 소매업,"대형할인점(백화점)/부동산 임대/주차장,문화센터 운영",2002-07-25,12월,김현동,http://www.savezone.co.kr,서울특별시,
360,33530,KOSPI,세종공업,자동차 신품 부품 제조업,"자동차부품,자동차소음기(머플러),배기가스정화기,배기계통부품 제조",2002-09-25,12월,"박정길, 김기홍, 김익석 (각자 대표이사)",http://www.sjku.co.kr,울산광역시,/g/11b66lh4dr
361,75580,KOSPI,세진중공업,선박 및 보트 건조업,"선박 Deck House, LPG Tank, Upper Deck Unit, 해양플랜트 Living Quarter",2015-11-30,12월,최양환,http://www.sejinheavy.com,울산광역시,세진중공업
362,27970,KOSPI,세하,"펄프, 종이 및 판지 제조업","백판지,마니라판지,지류,하수처리기계 제조/상하수도설비공사,수질오염방지시설공사",1996-07-03,12월,"이제선, 안재호",http://www.seha.co.kr,대구광역시,세하
363,12600,KOSPI,센트럴인사이트,일반 목적용 기계 제조업,"금융단말기(현금자동입출금기,온라인단말기),통신기기 제조,판매",1990-07-10,12월,엄태희,http://www.chunghocomnet.com,서울특별시,/g/11b_kjh3p
364,4430,KOSPI,송원산업,기타 화학제품 제조업,"폴리머첨가제(PVC안정제,산화방지제),폴리우레탄수지,프라스틱첨가제 제조",1977-06-25,12월,김충식 대표이사,http://www.songwon.com,울산광역시,/g/11b6b3y07c
365,17550,KOSPI,수산중공업,특수 목적용 기계 제조업,"유압브레이커,트럭크레인,플라즈마 파암장비,특장차,산업기계,건설기계 제조,도매",1991-08-30,12월,"김병현, 정석현(각자 대표이사)",http://www.soosan.co.kr,경기도,수산중공업
366,53210,KOSPI,스카이라이프,텔레비전 방송업,위성방송서비스,2011-06-03,12월,김철수,http://www.ktskylife.co.kr,서울특별시,스카이라이프
367,134790,KOSPI,시디즈,가구 제조업,의자,2011-01-25,12월,대표이사 이상배,http://www.sidiz.com,경기도,/g/11b_jr9rt
368,16590,KOSPI,신대양제지,"골판지, 종이 상자 및 종이용기 제조업","골판지용 골심지,라이너지 제조,수출입",1995-12-21,12월,"권혁홍, 권택환, 이상천 (각자 대표이사)",http://www.dygroup.co.kr,경기도,
369,29530,KOSPI,신도리코,컴퓨터 및 주변장치 제조업,"복사기, 3D프린터, 프린터, 주변기기 제조,판매",1996-12-24,12월,"황성식, 권오성",http://www.sindoh.com,서울특별시,신도리코
370,4970,KOSPI,신라교역,어로 어업,"원양어업(참치,명태,휠레트,연육,명란,새우),어획물 판매/직물 수출",1976-06-30,12월,김호운,http://www.sla.co.kr,서울특별시,신라교역
371,11930,KOSPI,신성이엔지,반도체 제조업,"태양전지, 태양광모듈 제조 및 판매, 태양광 발전설치공사, 클린룸, 자동화장비",1996-07-31,12월,"이지선, 안윤수",http://www.shinsungeng.com,경기도,/g/11bycyn3hr
372,5390,KOSPI,신성통상,기타 전문 도매업,"의류,악세사리(모자,벨트,가방) 도매/의류 제조",1975-12-22,06월,대표이사 염태순,http://www.ssts.co.kr,서울특별시,신성통상
373,4170,KOSPI,신세계,종합 소매업,"백화점,할인점(E마트)",1985-08-19,12월,차정호,http://www.shinsegae.com,서울특별시,신세계
374,35510,KOSPI,신세계 I&C,"컴퓨터 프로그래밍, 시스템 통합 및 관리업","IT시스템 개발, 운영 및 유지보수, IT 컨설팅, IT장비솔루션 총판, 아웃소싱, IDC, IT기기 및 휴대폰 유통, 전자상품권",2006-05-18,12월,손정현,http://www.shinsegae-inc.com,서울특별시,/g/11vh_wq76
375,34300,KOSPI,신세계건설,건물 건설업,"토목,건축,건축관련기술서비스,빌딩관리용역,골프장,내장공사,시설개보수,설계용역",2002-06-17,12월,윤명규,http://httpswww.shinsegae-enc.com,서울특별시,/g/121_c5ll
376,31430,KOSPI,신세계인터내셔날,"섬유, 의복, 신발 및 가죽제품 소매업","섬유, 의복, 신발 및 가죽제품 소매",2011-07-14,12월,"장재영, 이길한, 손문국 (각자대표)",http://www.sikorea.co.kr,서울특별시,신세계인터내셔날
377,31440,KOSPI,신세계푸드,음식점업,"단체급식, 식자재유통, 외식",2010-04-29,12월,송현석,http://www.shinsegaefood.com,서울특별시,신세계푸드
378,6880,KOSPI,신송홀딩스,산업용 농·축산물 및 동·식물 도매업,사업경영 및 관리자문,2013-11-21,12월,조갑주,http://www.singsongholdings.com,서울특별시,
379,5800,KOSPI,신영와코루,봉제의복 제조업,"여성용 내의류(화운데이션,란제리,블래지어),환자,노령자용 파자마,남성용 내의류 제조",1976-12-28,12월,"이의평, 이성원",http://www.shinyoungwacoal.co.kr/,서울특별시,신영와코루
380,1720,KOSPI,신영증권,금융 지원 서비스업,증권업,1987-08-24,03월,"원종석, 황성엽",http://www.shinyoung.com,서울특별시,신영증권
381,9270,KOSPI,신원,봉제의복 제조업,"여성,남성의류,스웨터,의복관련 악세사리,사카린,망초 제조,판매,수출입/섬유의류 도매/신용카드업/의류전문 물류대행 및 임대사업",1988-08-24,12월,박정주,http://www.sw.co.kr,서울특별시,신원
382,2700,KOSPI,신일전자,기계장비 및 관련 물품 도매업,"가정용 전기기구(선풍기,난로,세탁기),전자기구,연구기구 제조,수출입",1975-09-30,12월,정윤석,http://www.shinil.co.kr,충청남도,/g/1q5hq57g8
383,19170,KOSPI,신풍제약,의약품 제조업,"의약품(항생제,혈전용해제,향정신성약품,구충제) 제조,판매",1990-01-20,12월,유 제 만,http://www.shinpoong.co.kr,경기도,/g/11hzt_vjjl
384,2870,KOSPI,신풍제지,"펄프, 종이 및 판지 제조업","마닐라판지 제조,도소매",1976-06-30,12월,정학헌,http://www.shinpoongpaper.com,서울특별시,
385,55550,KOSPI,신한지주,기타 금융업,금융지주회사,2001-09-10,12월,조용병,http://www.shinhangroup.com,서울특별시,/m/05pc8k
386,4080,KOSPI,신흥,기계장비 및 관련 물품 도매업,"치과용기자재(방사선장치,전기진단장치),주사침 도소매,제조/부동산 임대",1991-02-08,12월,이용익,http://www.shinhung.co.kr,서울특별시,신흥
387,3410,KOSPI,쌍용C&E,"시멘트, 석회, 플라스터 및 그 제품 제조업",시멘트(크링카),1975-05-03,12월,"홍사승, 이현준 (각자)대표집행임원",http://www.ssangyongcement.co.kr,서울특별시,/m/02r0gpn
388,3620,KOSPI,쌍용차,자동차용 엔진 및 자동차 제조업,"자동차,자동차부품,차륜,정비 제조/도소매",1975-05-29,12월,예병태,http://www.smotor.com,경기도,쌍용차
389,4770,KOSPI,써니전자,전자부품 제조업,"수정진동자,수정발진기,초음파지연선,MCF,축수나사 제조,도매,수출입",1987-04-22,12월,차상권,http://www.sunny.co.kr,충청북도,/m/0x2g1hf
390,15540,KOSPI,쎌마테라퓨틱스,기타 사업지원 서비스업,상품권유통,1989-09-02,12월,정영훈,http://www.thelma.co.kr,서울특별시,
391,4920,KOSPI,씨아이테크,그외 기타 제품 제조업,"컴퓨터 소프트웨어,하드웨어 서버,도매",1989-11-30,12월,김대영,http://www.citech.kr,서울특별시,
392,112610,KOSPI,씨에스윈드,"구조용 금속제품, 탱크 및 증기발생기 제조업",풍력발전타워 제조,2014-11-27,12월,"김성권, 김승범",http://www.cswind.com,충청남도,/g/11bc5xbglt
393,8700,KOSPI,아남전자,영상 및 음향기기 제조업,"칼라TV,오디오,비디오 제조,도매",1984-08-11,12월,김태수,http://www.aname.co.kr,서울특별시,/g/1q2xhk39y
394,2790,KOSPI,아모레G,기타 화학제품 제조업,지주회사,1973-04-30,12월,"서경배, 김승환",http://www.apgroup.com,서울특별시,/g/11bwdvp7kq
395,90430,KOSPI,아모레퍼시픽,기타 화학제품 제조업,"화장품,생활용품 제조, 판매",2006-06-29,12월,"서경배, 안세홍",http://www.apgroup.com,서울특별시,/m/0hqy302
396,2030,KOSPI,아세아,회사 본부 및 경영 컨설팅 서비스업,"회사본부,지주회사 및 경영컨설팅 서비스업",1974-06-03,12월,"고규환, 이훈범",http://asiaholdings.co.kr,서울특별시,아세아
397,183190,KOSPI,아세아시멘트,"시멘트, 석회, 플라스터 및 그 제품 제조업","시멘트, 레미콘, 몰탈",2013-11-06,12월,"임경태, 김웅종",http://www.asiacement.co.kr,서울특별시,/m/0d8_v5
398,2310,KOSPI,아세아제지,"골판지, 종이 상자 및 종이용기 제조업","골판지원지,석고보드원지,크라프트원지,라이나원지,라이너지 제조,판매",1988-12-15,12월,"유승환, 이현탁",http://www.asiapaper.co.kr,서울특별시,
399,12170,KOSPI,아센디오,"영화, 비디오물, 방송프로그램 제작 및 배급업",석탄(점결탄) 판매,1989-12-20,12월,"신동철, 강재현",http://ascendio.co.kr,서울특별시,
400,20560,KOSPI,아시아나항공,항공 여객 운송업,"항공운송(여객운송,화물운송)/항공기 제조,정비수리",2008-03-28,12월,정성권,http://www.flyasiana.com,서울특별시,아시아나항공
401,122900,KOSPI,아이마켓코리아,상품 종합 도매업,B2B 전자상거래,2010-07-30,12월,남인봉,http://www.imarketkorea.com,서울특별시,/g/11byc_j3fr
402,10780,KOSPI,아이에스동서,"내화, 비내화 요업제품 제조업","타일,위생도기,콘크리트파일,P.C관,침목 제조,도매",1986-01-27,12월,"허석헌, 정원호, 김갑진(각자 대표이사)",http://www.isdongseo.co.kr,서울특별시,/g/11b6b64xtx
403,1780,KOSPI,알루코,1차 비철금속 제조업,"알루미늄제품,샷시 제조",2007-06-07,12월,전병일,http://www.dygc.co.kr,대전광역시,알루코
404,161000,KOSPI,애경케미칼,기초 화학물질 제조업,오르토프탈산디옥틸,2012-09-17,12월,표경원,http://www.aekyungchemical.co.kr,서울특별시,/g/11gywwh1t
405,11090,KOSPI,에넥스,가구 제조업,"씽크상판,주방기기,목재케비넷,유해가스저감장치시설 제조,판매",1995-07-08,12월,박진규,http://www.enex.co.kr,서울특별시,에넥스
406,5850,KOSPI,에스엘,자동차 신품 부품 제조업,"자동차부품(자동차램프류,샤시와조향기기,케스터홀더) 제조",1988-11-08,12월,"이성엽,김한영,김정현",http://www.slworld.com,대구광역시,/m/09gt87
407,12750,KOSPI,에스원,"경비, 경호 및 탐정업","부가통신 서비스(경비),안전관리용역,CCTV카메라",1996-01-30,12월,"노희찬, 모리야 키요시",http://www.s1.co.kr,서울특별시,/m/0nbjq5c
408,23960,KOSPI,에쓰씨엔지니어링,토목 건설업,"기술용역(건축설계) 서비스/화학플랜트 설비,기계 제작(음식료,석유화학사업관련)/유공압기기 판매",1997-06-23,12월,김건우,http://www.sc-eng.com,서울특별시,에쓰씨엔지니어링
409,78520,KOSPI,에이블씨엔씨,기타 화학제품 제조업,"화장품 제조,도소매/소프트웨어 자문,개발,공급/전자상거래",2011-09-07,12월,김유진,http://www.able-cnc.com,서울특별시,/g/11bc5gzxvw
410,15260,KOSPI,에이엔피,전자부품 제조업,"전자부품(인쇄회로기판),무정전 전원공급장치 제조",1988-01-18,12월,전운관,http://anpcb.co.kr,인천광역시,
411,7460,KOSPI,에이프로젠 MED,기타 금속 가공제품 제조업,"단열장치,철구조물,가열로,특수단열재(금속표면경화육성,원자로용) 제조/단열공사/부동산 임대",1995-07-08,12월,김재섭,http://www.aprogen-kic.com,경기도,에이프로젠 MED
412,3060,KOSPI,에이프로젠제약,의약품 제조업,"의약품(항생제,영양수액제,드링크제,철결핍성빈혈예방치료제,경옥동충하초) 제조,판매",1984-10-19,12월,김정출,http://www.aprogen-pharm.com,서울특별시,/g/11b821nl2f
413,36570,KOSPI,엔씨소프트,소프트웨어 개발 및 공급업,"인터넷머그게임(리니지),그룹웨어,인터넷커뮤니티 개발,유지,공급",2003-05-22,12월,김택진,http://www.ncsoft.net,서울특별시,/m/02sqtl
414,138250,KOSPI,엔에스쇼핑,무점포 소매업,TV홈쇼핑,2015-03-27,12월,조항목 (단독대표),http://pr.nsmall.com,경기도,/m/0v4gpmt
415,85310,KOSPI,엔케이,"구조용 금속제품, 탱크 및 증기발생기 제조업","고압가스용기,선박용,육상용 소화설비장치,천연가스이동식충전소 제조,도매",2008-01-24,12월,천남주,http://www.nkcf.com,부산광역시,엔케이
416,900140,KOSPI,엘브이엠씨홀딩스,자동차 판매업,지주회사,2010-11-30,12월,"오세영, 노성석, 김선발 (각자 대표이사)",http://www.lvmcholdings.net,케이맨 제도,
417,14440,KOSPI,영보화학,플라스틱제품 제조업,"가교발포폴리에틸렌(아티론,영보드) 제조,판매",1997-08-27,12월,이영식,http://www.youngbo.com,충청북도,/g/11byd5xwq8
418,3520,KOSPI,영진약품,의약품 제조업,"의약품(드링크제,항생제,영양수액제),의약부외품 제조,판매",1973-06-25,12월,이재준,http://www.yungjin.co.kr,서울특별시,/g/11cfjqvs3
419,670,KOSPI,영풍,1차 비철금속 제조업,"제1차 금속산업(아연괴,황산,카드뮴괴),건전지 제조,무역",1976-06-12,12월,"이강인, 박영민",http://www.ypzinc.co.kr,서울특별시,/g/11b6bpx9j7
420,6740,KOSPI,영풍제지,"골판지, 종이 상자 및 종이용기 제조업","골판지원지,지관원지,라이나원지 제조",1996-07-03,12월,이관형,http://www.yp21.co.kr,경기도,
421,12280,KOSPI,영화금속,자동차 신품 부품 제조업,"자동차부품,건축자재(관이음쇠) 제조,판매",1990-01-25,12월,최동윤(단독 대표이사),http://www.yeonghwa.co.kr,경상남도,
422,15360,KOSPI,예스코홀딩스,기타 금융업,지주사업,1996-12-24,12월,구본혁,http://www.yescoholdings.com,서울특별시,
423,7310,KOSPI,오뚜기,기타 식품 제조업,"라면,마요네즈,카레,스프,당면,소오스,토마토케첩,마가린,냉동생지(바게트,크로와상),참치캔,식초,3분짜장 제조",1994-08-12,12월,"함영준, 황성만",http://www.ottogi.co.kr,경기도,/m/02pns62
424,2630,KOSPI,오리엔트바이오,의약품 제조업,의약품 제조,1976-12-28,03월,장재진,http://www.orient.co.kr,경기도,/g/11bw68463g
425,1800,KOSPI,오리온홀딩스,기타 금융업,자회사 관리 지주사업 등,1975-06-27,12월,허인철,http://www.oriongroup.co.kr,서울특별시,/m/09fp90
426,11690,KOSPI,와이투솔루션,반도체 제조업,"혼성직접회로,통신기기 제조/화공약품,케이블 도매",1995-12-21,12월,강석환,http://www.yuyang.co.kr,경기도,
427,10050,KOSPI,우리종금,기타 금융업,"종합금융,주택할부금융,부동산",1974-09-11,12월,김종득,http://wooriib.com,광주광역시,우리종금
428,6980,KOSPI,우성,"곡물가공품, 전분 및 전분제품 제조업","배합사료,Suit-feed(맞춤 TMR(육성우,건유우,착유우) 사료),농후사료,곡류(강피류 등 부산물) 제조,판매/부동산 임대,무역",1988-10-10,12월,한재규,http://wsgroup.co.kr,대전광역시,우성
429,17370,KOSPI,우신시스템,특수 목적용 기계 제조업,"자동차차체자동화용접조립라인,용접설비,자동용접장비 제조,판매",2002-05-28,12월,허우영,http://www.wooshinsys.co.kr,서울특별시,우신시스템
430,105840,KOSPI,우진,"측정, 시험, 항해, 제어 및 기타 정밀기기 제조업; 광학기기 제외",원전용계측기,2010-07-26,12월,"이재상, 백승한 각자대표",http://www.woojininc.com,경기도,우진
431,49800,KOSPI,우진플라임,특수 목적용 기계 제조업,"플라스틱사출성형기 제조,판매",2006-05-24,12월,김익환,http://www.woojinplaimm.com,충청북도,/g/11c6r35xmp
432,16880,KOSPI,웅진,기타 금융업,"교육서비스(웅진아이큐,중.고교학습,어린이마을),도서,잡지 출판/부동산 임대/인터넷관련사업",1994-11-05,12월,이수영,http://www.woongjin.com,서울특별시,/g/11hzpcr8v9
433,95720,KOSPI,웅진씽크빅,초등 교육기관,"기타출판 제조/서적,교구,통신판매 도소매/부동산 임대/교구렌탈,컴퓨터운용관련서비스",2007-05-31,12월,이재진,http://www.wjthinkbig.com,경기도,/g/11h7b5d9_j
434,5820,KOSPI,원림,직물직조 및 직물제품 제조업,"고무,플라스틱제품,산업용포장재,PP.BAG,타포린 제조,도매/부동산 임대/주택 신축,판매/인터넷 정보통신/벤처회사 투자",1990-04-20,12월,신성엽,http://www.wonlim.co.kr,서울특별시,원림
435,10600,KOSPI,웰바이오텍,상품 중개업,"피혁의류 도,소매,의류 판매,수입,피혁(GRAIN LEATHER) 제조",1997-07-18,12월,구세현,http://www.wellbiotec.co.kr,서울특별시,
436,8600,KOSPI,윌비스,생활용품 도매업,"스웨터,니트,셔츠 도매,제조/컴퓨터주변기기 무역,오파,임대",1989-07-28,12월,"임찬혁(대표집행임원), 송주호(대표집행임원)",http://www.willbes.com,충청남도,윌비스
437,33270,KOSPI,유나이티드제약,의약품 제조업,"홈타민 진생연질60C(비타민제),항암제,항생제,순환기계,해열진통제,소화기계약품 제조",2007-10-23,12월,강덕영,http://www.kup.co.kr,세종특별자치시,/g/11byc_9frf
438,14830,KOSPI,유니드,기초 화학물질 제조업,"탄산칼륨,가성칼륨,가성카리,탄산카리(무기화합물),MDF(가공목재) 제조,도매",2004-12-03,12월,"이화영, 정의승(2인, 각자 대표이사)",http://www.unid.co.kr,서울특별시,/g/11b66kmnwn
439,910,KOSPI,유니온,"시멘트, 석회, 플라스터 및 그 제품 제조업","백시멘트,타일시멘트,알루미나시멘트,용융알루미나,급결제,필터프레스,유니필터제조,도매",1996-07-03,12월,"이건영, 이우선",http://www.unioncement.com,서울특별시,유니온
440,47400,KOSPI,유니온머티리얼,"내화, 비내화 요업제품 제조업","페라이트,세라믹 제조,도매",2009-09-29,12월,"김진영, 이우선",http://unionmaterials.com,대구광역시,/g/11byc_qt15
441,11330,KOSPI,유니켐,"가죽, 가방 및 유사제품 제조업","피혁 제조,도매,무역,부동산임대",1989-12-14,12월,이장원,http://www.uni-chem.net,경기도,유니켐
442,77500,KOSPI,유니퀘스트,기계장비 및 관련 물품 도매업,"반도체직접회로 도매,무역,제조",2004-08-05,12월,앤드류김,http://www.uniquest.co.kr,경기도,유니퀘스트
443,2920,KOSPI,유성기업,자동차 신품 부품 제조업,"철도차량부품(피스턴링,실린더라이너,발브가이드,타펫트),자동차부품,주강,주물 제조,판매",1988-10-10,12월,류현석(대표이사),http://www.ypr.co.kr,충청남도,유성기업
444,700,KOSPI,유수홀딩스,회사 본부 및 경영 컨설팅 서비스업,지주사업,1956-03-03,12월,송영규,http://www.eusu-holdings.com,서울특별시,유수홀딩스
445,3470,KOSPI,유안타증권,금융 지원 서비스업,"유가증권 매매,중개,대리,인수",1988-01-21,12월,궈밍쩡,http://www.yuantakorea.com,서울특별시,유안타증권
446,72130,KOSPI,유엔젤,"자료처리, 호스팅, 포털 및 기타 인터넷 정보매개 서비스업","소프트웨어(무선인터넷 솔루션,ASP통신사업자용 지능망솔루션 및 단문메세지센터) 개발,공급",2003-07-01,12월,유지원,http://www.uangel.com,경기도,/g/11byd2g33z
447,220,KOSPI,유유제약,의약품 제조업,"의약품 제조,판매",1975-11-18,12월,유원상,http://www.yuyu.co.kr,충청북도,/g/120mh_bb
448,1200,KOSPI,유진투자증권,금융 지원 서비스업,"유가증권 매매,중개,인수",1987-08-24,12월,"유창수, 고경모(각자 대표)",http://www.eugenefn.com,서울특별시,유진투자증권
449,100,KOSPI,유한양행,의약품 제조업,"의약품(삐콤씨, 안티푸라민, 렉라자, 로수바미브, 코푸시럽 등), 생활용품(유한락스, 해피홈, 유한젠), 동물약품",1962-11-01,12월,대표이사 조욱제,http://www.yuhan.co.kr,서울특별시,유한양행
450,3460,KOSPI,유화증권,금융 지원 서비스업,증권업,1987-08-24,12월,윤경립,http://www.yhs.co.kr,서울특별시,유화증권
451,8730,KOSPI,율촌화학,플라스틱제품 제조업,"연포장재,필름,골판지상자,합성수지,플라스틱일반성형제품 제조",1988-08-30,12월,"송녹정,신동윤",http://www.youlchon.com,서울특별시,/g/11c6qsfrw6
452,8250,KOSPI,이건산업,나무제품 제조업,"컨테이너용합판,목재 파렛트,프레스우드 파렛트,가공목재,제재목 제조/부동산 임대",1988-10-21,12월,"박승준, 이길수",http://www.eagon.com,인천광역시,
453,25820,KOSPI,이구산업,1차 비철금속 제조업,"동판.조,황동판.조,인청동판.조 제조,임가공/부동산 임대",1995-08-18,12월,"안월환, 김영길(각자 대표이사)",http://www.leeku.net,경기도,이구산업
454,214320,KOSPI,이노션,광고업,광고대행 및 광고물의 제작 등,2015-07-17,12월,이용우,http://www.innocean.com,서울특별시,/g/120n82sy
455,139480,KOSPI,이마트,종합 소매업,대형마트,2011-06-10,12월,강희석,http://emartcompany.com/ko/main.do,서울특별시,/m/02y_5jm
456,7660,KOSPI,이수페타시스,전자부품 제조업,"P.C.B(인쇄회로기판),M.L.B 제조",2003-10-07,12월,서영준,http://www.petasys.com,대구광역시,/g/11b6jgd8ml
457,5950,KOSPI,이수화학,기초 화학물질 제조업,"등유,알킬벤젠,윤활유,노말파라핀 제조,도매",1988-04-28,12월,류승호,http://www.isuchemical.co.kr,서울특별시,/m/02pwtpv
458,15020,KOSPI,이스타코,부동산 임대 및 공급업,부동산 분양/입시학원 운영,1988-12-23,12월,김승제,http://www.e-starco.co.kr,서울특별시,
459,93230,KOSPI,이아이디,기타 전문 도매업,"무선통신기기부품,전시용 핸드폰모형기(ADM) 제조",2007-11-01,12월,김성규,http://www.eid21.co.kr,경기도,/g/11b86hfpy8
460,74610,KOSPI,이엔플러스,일반 목적용 기계 제조업,소방자동차 제조,2003-12-23,12월,안영용(단독대표),http://www.en3.co.kr,경기도,
461,102460,KOSPI,이연제약,의약품 제조업,"항생제,순환기제",2010-06-10,12월,"정순옥, 유용환 (각자 대표이사)",http://reyonpharm.co.kr,서울특별시,/g/11b_jqfb4
462,84680,KOSPI,이월드,귀금속 및 장신용품 제조업,"놀이시설 운영,입장료,식음료 소매,부동산 임대",2005-07-26,12월,"방병순, 이수원",http://www.eworld.kr,대구광역시,이월드
463,760,KOSPI,이화산업,기타 전문 도매업,"염료(반응성염료,분산염료,범용염료,직접염료,산성염료),염료화성품,합성수지,고무 도매,제조",1994-04-29,12월,홍성우,http://www.rifa.co.kr,서울특별시,
464,14990,KOSPI,인디에프,봉제의복 제조업,"여성의류,남성의류,캐쥬얼웨어 제조",1989-06-20,12월,백정흠,http://www.inthef.co.kr,서울특별시,인디에프
465,101140,KOSPI,인바이오젠,생활용품 도매업,"신발,의류,스포츠용품 도매,제조",2008-04-02,12월,강지연,http://www.inbiogen.co.kr,서울특별시,/g/1q5grtfsm
466,6490,KOSPI,인스코비,전기 통신업,"시계,스마트그리드,도소매,소프트웨어개발",1985-01-17,12월,"유인수, 구자갑 (각자 대표이사)",http://www.inscobee.com,서울특별시,/g/11vj0rtcj
467,23800,KOSPI,인지컨트롤스,자동차 신품 부품 제조업,"자동차부품(터머스위치,터머스탯) 제조",1997-06-23,12월,"대표이사 정구용, 대표이사 김양수",http://www.inzi.co.kr,경기도,
468,34590,KOSPI,인천도시가스,연료용 가스 제조 및 배관공급업,도시가스 공급/가스설비공사,2006-11-07,12월,정진서,http://www.icgas.co.kr,인천광역시,인천도시가스
469,129260,KOSPI,인터지스,도로 화물 운송업,"화물운송,알선,하역",2011-12-16,12월,박동호,http://www.intergis.co.kr,부산광역시,인터지스
470,23810,KOSPI,인팩,자동차 신품 부품 제조업,"자동차용 케이블,전자정보통신관련기기 제조,도매",2004-09-21,12월,"최오길, 최웅선",http://www.infac.com,서울특별시,
471,230,KOSPI,일동홀딩스,의약품 제조업,"의약품 제조,도매",1975-06-28,12월,박대창,http://www.ildong.com,서울특별시,
472,13360,KOSPI,일성건설,토목 건설업,"건축공사,토목공사,전기공사",1989-12-02,12월,유필상,http://www.ilsungconst.co.kr,인천광역시,일성건설
473,3120,KOSPI,일성신약,의약품 제조업,"의약품(항생제,화학료법제,항바이러스,근이완제,영양액륜) 제조,판매",1985-01-14,12월,"윤석근, 윤종욱",http://www.ilsung-ph.co.kr,서울특별시,/g/11f65949mz
474,3200,KOSPI,일신방직,방적 및 가공사 제조업,"면사,P/C혼방사,P/C혼방직물,화섬사 제조,수출",1973-05-23,12월,김정수,http://www.ilshin.co.kr,서울특별시,
475,7110,KOSPI,일신석재,"건축자재, 철물 및 난방장치 도매업","건축석 제조,도소매/석공예,석공사",1986-03-04,12월,김학선,http://www.ilshinstone.co.kr,서울특별시,
476,7570,KOSPI,일양약품,의약품 제조업,"일반의약품(원비디,영비천,아진탈,디세텔,노루모산),항암제(베타-이뮤난),전문의약품 제조,판매,수출입",1974-08-28,12월,김동연,http://www.ilyang.co.kr,경기도,/g/1hb_f1rm5
477,8500,KOSPI,일정실업,편조원단 제조업,"자동차시트원단,의류,완구직물 제조,염색가공",1994-08-12,12월,고동수,http://www.iljeong.co.kr,경기도,
478,81000,KOSPI,일진다이아,기타 화학제품 제조업,"공업용 합성다이아몬드 제조,도매,수출입",2004-12-22,12월,"신광섭,변정출",http://www.iljindiamond.co.kr,충청북도,/g/11b6b53mjw
479,20760,KOSPI,일진디스플,반도체 제조업,"박막액정표시장치(TFT-LCD) 패널,LT(리튬탄탈에이트)웨이퍼,분말야금제품(초고압용공구),보석다이아몬드 제조,판매/종합건설",2002-01-09,12월,대표이사 김기환,http://www.iljindisplay.co.kr,충청북도,
480,20150,KOSPI,일진머티리얼즈,전자부품 제조업,"인쇄회로기판(PCB)용 전해동박(ACF,UCF),에폭시용 동박,전해콘덴서용 알루미늄박 제조,판매",2011-03-04,12월,"정병국, 양점식 (각자대표)",http://www.iljinm.co.kr,전라북도,/g/11b6b3y01g
481,15860,KOSPI,일진홀딩스,기타 금융업,"전기산업용기기(개폐기,차단기,배전반),자동화시스템,자동차엔진부품,절연전선,금구류,고압선,저압선 제조,판매/전기공사,가스절연차단기",1990-03-22,12월,허정석,http://www.iljin.co.kr,경기도,/m/0cz92rj
482,226320,KOSPI,잇츠한불,기타 화학제품 제조업,"스킨케어 베이직, 포인트 메이크업, 스킨케어 스페셜, 베이스 메이크업 등",2015-12-28,12월,김양수,http://www.itshanbul.com,서울특별시,/g/11dymtqbrb
483,33240,KOSPI,자화전자,전자부품 제조업,"Bonded magenet,플라스틱자성제품,티탄산 바륨계 반도체소자,휴대전화용 Vibration Motor,전자관,전자부품 제조",1999-01-06,12월,"김상면, 김찬용(각자대표)",http://www.jahwa.co.kr,충청북도,자화전자
484,950,KOSPI,전방,방적 및 가공사 제조업,"면사,면혼방사,마혼방사,화섬사,염색사,자수사,소모사,면직물,면혼방직물,화섬직물,특수가공직물 제조,판매,수출",1968-10-21,12월,조덕현,http://www.chonbang.co.kr,서울특별시,전방
485,25620,KOSPI,제이준코스메틱,기타 화학제품 제조업,화장품 제조 판매,1995-07-08,12월,이진형,http://www.jayjun.kr,인천광역시,
486,30000,KOSPI,제일기획,광고업,"광고 대행/광고물,영화 제작,인쇄,출판",1998-03-03,12월,유정근,http://www.cheil.co.kr,서울특별시,/m/0zg7jwf
487,1560,KOSPI,제일연마,기타 비금속 광물제품 제조업,"연마석,다이아몬드공구 제조,도소매/주택건설",2005-12-09,12월,"오유인, 오현수, 추헌주 (각자 대표)",http://www.grinding.co.kr,경상북도,
488,2620,KOSPI,제일파마홀딩스,회사 본부 및 경영 컨설팅 서비스업,"의약품(타리비드,제일파프,노엘,푸라솔) 제조,도매",1988-01-20,12월,한상철,http://www.jeilpharm.co.kr,서울특별시,
489,6220,KOSPI,제주은행,은행 및 저축기관,"은행업무,외국환업무,신탁업무",1972-12-28,12월,서현주,http://www.e-jejubank.com,제주특별자치도,제주은행
490,89590,KOSPI,제주항공,항공 여객 운송업,"여객운송서비스, 화물운송서비스",2015-11-06,12월,김이배,http://www.jejuair.net,제주특별자치도,제주항공
491,4910,KOSPI,조광페인트,기타 화학제품 제조업,"도료(우레탄,에나멜,락카,특수도료) 제조,도매",1976-12-27,12월,양성아,http://www.chokwangpaint.co.kr,부산광역시,조광페인트
492,4700,KOSPI,조광피혁,"가죽, 가방 및 유사제품 제조업","가죽(피혁원단,제화용원단,카시트용원단),가방,신발 제조,도매",1977-05-27,12월,이연석,http://www.chokwang.co.kr,충청북도,조광피혁
493,1550,KOSPI,조비,"비료, 농약 및 살균, 살충제 제조업","복합비료(연초용,수도용,시판용,특수작물용),양액재배용 비료,완효성 비료,부직포 제조,무역",1976-12-28,12월,이승연,http://www.chobi.co.kr,서울특별시,조비
494,480,KOSPI,조선내화,"내화, 비내화 요업제품 제조업","내화연와(정형,부정형,S/N,CCN),단열벽돌,스라이딩노즐,연주용 특수내화물 제조",1978-06-30,12월,이금옥,http://www.chosunref.co.kr,전라남도,/g/11b6bwpdmk
495,120030,KOSPI,조선선재,기타 금속 가공제품 제조업,용접재료,2010-02-19,12월,임규섭,http://www.chosunwelding.com,경상북도,/g/11c6r26b78
496,18470,KOSPI,조일알미늄,1차 비철금속 제조업,"알루미늄판 제조,도매",1988-11-22,12월,"이영호,박동수",http://www.choilal.co.kr,경상북도,조일알미늄
497,2600,KOSPI,조흥,기타 식품 제조업,"휘핑크림,인스턴트이스트,프루츠칵테일,크림치즈,견과류,건조과일 제조,판매/주택 신축,판매",1976-12-23,12월,유익제,http://www.choheung.co.kr,경기도,조흥
498,185750,KOSPI,종근당,의약품 제조업,"딜라트렌,리피로우",2013-12-06,12월,김영주,http://www.ckdpharm.com,서울특별시,/m/0nbdy43
499,63160,KOSPI,종근당바이오,의약품 제조업,"의약품,원료의약품 제조",2001-12-11,12월,이정진,http://www.ckdbio.com,서울특별시,
500,1630,KOSPI,종근당홀딩스,의약품 제조업,"의약품(항생제,위궤양치료제,장기이식면역억제제,고지혈증치료제(로바이드)) 제조,도매",1976-06-30,12월,김태영,http://www.ckd-holdings.com,서울특별시,/g/11hy_0584_
501,44380,KOSPI,주연테크,컴퓨터 및 주변장치 제조업,"각종컴퓨터,주변기기 제조/소프트웨어 개발",2006-11-15,12월,김희라,http://www.jooyon.co.kr,서울특별시,/g/12269c36
502,13870,KOSPI,지엠비코리아,자동차 신품 부품 제조업,"VS, TIB, CVJoint 등",2012-11-20,12월,"정세영, 변종문",http://www.gmb.co.kr,경상남도,/g/11vj01zpw
503,71320,KOSPI,지역난방공사,"증기, 냉·온수 및 공기조절 공급업","집단에너지공급 및 전기,증기 생산,판매",2010-01-29,12월,황창화,http://www.kdhc.co.kr,경기도,/g/1232zqks
504,10580,KOSPI,지코,자동차 신품 부품 제조업,"자동차부품(워터펌프,오일펌프,엔진헤드(GV6),프론트케이스) 제조",1994-12-27,12월,정병수,http://www.jico21.com,충청남도,지코
505,35000,KOSPI,지투알,회사 본부 및 경영 컨설팅 서비스업,지주회사,1999-08-11,12월,정성수,http://www.g2rgroup.com/korean/main/main.asp,서울특별시,지투알
506,88790,KOSPI,진도,기타 전문 도매업,"모피제품 제조,가공",2006-03-28,12월,임병남,http://www.jindofand.co.kr,서울특별시,진도
507,3780,KOSPI,진양산업,플라스틱제품 제조업,"합성수지,폴리우레탄스폰지 제조,도매,수출입",1973-06-26,12월,"김상용,조영태(각자대표이사)",http://www.cyc1963.com,경상남도,
508,10640,KOSPI,진양폴리,플라스틱제품 제조업,"폴리우레탄,폴리우레탄스폰지 제조,판매",1989-09-30,12월,"김상용,조영태(각자대표이사)",http://www.chinyangpoly.kr,경기도,
509,100250,KOSPI,진양홀딩스,플라스틱제품 제조업,"투자,경영컨설팅",2008-02-15,12월,"양준영,임규호(각자대표)",http://cyholdings.kr,부산광역시,
510,51630,KOSPI,진양화학,플라스틱제품 제조업,"레쟈,바닥재 제조",2001-01-29,12월,김상용,http://www.chinyang.co.kr,울산광역시,
511,11000,KOSPI,진원생명과학,의약품 제조업,플라스미드,1987-11-16,12월,박영근,http://www.genels.com,서울특별시,진원생명과학
512,2780,KOSPI,진흥기업,토목 건설업,"아파트건설,토목공사,건축공사,국내도급공사",1977-06-25,12월,박상신,http://www.chinhung.co.kr,인천광역시,/g/11b60tlhpp
513,9310,KOSPI,참엔지니어링,특수 목적용 기계 제조업,FPD Laser Repair 장비 등 (FPD 장비의 개발과 제조 및 판매),1987-11-12,12월,김규동,http://www.charmeng.com,경기도,/g/11b_m4q3c
514,650,KOSPI,천일고속,육상 여객 운송업,"고속버스운수(경부선,44개 노선),도로여객운수업,운수창고업,유류판매,부동산 임대",1977-06-23,12월,박도현,http://www.chunilexpress.com,부산광역시,/g/121zcrvw
515,33250,KOSPI,체시스,자동차 신품 부품 제조업,"자동차부품,뒷차축 제조",1999-08-11,06월,"이명곤, 김성광(각자대표이사)",http://www.chasys.com,경상북도,체시스
516,6380,KOSPI,카프로,기초 화학물질 제조업,"카프로락탐,유안비료 제조",1974-05-28,12월,권용대,http://www.hcccapro.co.kr,서울특별시,카프로
517,109070,KOSPI,컨버즈,"골판지, 종이 상자 및 종이용기 제조업","ICS중계기, 블랙박스",2009-03-17,12월,"곽종윤, 곽종호(각자대표)",http://www.conbuzz.co.kr,충청남도,
518,1620,KOSPI,케이비아이동국실업,자동차 신품 부품 제조업,"자동차부품(에어닥트,글로벌박스,노즐,어셈블리류,핸들류) 제조,판매/공장 임대",1990-09-15,12월,김진산,http://www.dongkook-ind.co.kr,서울특별시,
519,29460,KOSPI,케이씨,"측정, 시험, 항해, 제어 및 기타 정밀기기 제조업; 광학기기 제외",가스/Chemical 공급 장치 등 제조 및 판매,1997-11-25,12월,"고상걸, 이수희(각자대표이사)",http://www.kct.co.kr,경기도,케이씨
520,145270,KOSPI,케이탑리츠,부동산 임대 및 공급업,부동산 임대,2012-01-31,12월,이명식,http://www.ktopreits.co.kr,서울특별시,/g/123dk050n
521,7810,KOSPI,코리아써키트,전자부품 제조업,"인쇄회로기판,Module 제조/부동산(건물) 임대",1985-09-09,12월,장세준,http://www.kcg.co.kr,경기도,코리아써키트
522,3690,KOSPI,코리안리,재 보험업,금융보험/부동산 임대,1969-12-22,12월,원종규,http://www.koreanre.co.kr,서울특별시,/g/121jys3d
523,192820,KOSPI,코스맥스,기타 화학제품 제조업,화장품,2014-04-07,12월,"이병만, 심상배",http://www.cosmax.com,경기도,/g/11b60s4n8c
524,44820,KOSPI,코스맥스비티아이,기타 금융업,"화장품,의약부외품 제조,도매",2006-11-13,12월,"이완경, 이윤종",http://www.cosmax.com,경기도,/g/11c6qrkvdh
525,5070,KOSPI,코스모신소재,기타 화학제품 제조업,"이차전지양극활물질,기능성필름",1987-09-28,12월,홍동환,http://www.cosmoamt.com,충청북도,/m/0nbdy53
526,5420,KOSPI,코스모화학,기타 화학제품 제조업,"이산화티타늄 및 부산물, 황산코발트 및 부산물",1987-07-23,12월,안성덕,http://www.cosmochem.co.kr,서울특별시,코스모화학
527,71950,KOSPI,코아스,가구 제조업,"사무용가구,금속가구 도매,제조",2005-08-04,12월,노재근,http://www.ikoas.com,서울특별시,코아스
528,2020,KOSPI,코오롱,기타 금융업,지주회사,1975-06-23,12월,안병덕,http://www.kolon.com,경기도,코오롱
529,3070,KOSPI,코오롱글로벌,토목 건설업,"토목공사,일반건설,주택건설,해외건설,소각로설비공사/환경플랜트,폐처리기 제조",1978-09-15,12월,윤창운,http://www.kolonglobal.com,경기도,코오롱글로벌
530,138490,KOSPI,코오롱플라스틱,합성고무 및 플라스틱 물질 제조업,엔지니어링플라스틱,2011-06-15,12월,방민수,http://www.kolonplastics.com,경상북도,코오롱플라스틱
531,21240,KOSPI,코웨이,그외 기타 개인 서비스업,"렌탈 서비스(정수기,비데, 필터교환 등), 가정용기기 도매,판매,제조,폐기물처리설비,수출(정수기,청정기)",2001-08-07,12월,"이해선, 서장원",http://company.coway.com,충청남도,/g/1yprt_q8r
532,31820,KOSPI,콤텍시스템,"컴퓨터 프로그래밍, 시스템 통합 및 관리업","시스템(네트웍) 구축/데이터통신장비(모뎀,먹스),종합네트워크시스템 제조,설치,유지보수",1997-02-12,12월,권창완 집행임원,http://www.comtec.co.kr,서울특별시,
533,192400,KOSPI,쿠쿠홀딩스,기타 금융업,주방용 전기기기 제조업,2014-08-06,12월,구본학,http://www.cuckoo.co.kr,경상남도,
534,15590,KOSPI,큐로,일반 목적용 기계 제조업,"열교환기,압력용기,저장탱크,산업용보일러 제조",1989-05-27,12월,서상훈,http://www.curo.co.kr,울산광역시,큐로
535,5740,KOSPI,크라운해태홀딩스,기타 금융업,"비스켓,쵸코렛,사탕,웨이퍼 제조,도매",1976-06-30,12월,윤석빈,http://www.crown.co.kr,서울특별시,/g/11g6pg_49k
536,20120,KOSPI,키다리스튜디오,"자료처리, 호스팅, 포털 및 기타 인터넷 정보매개 서비스업","만화, 소설 등 콘텐츠 제작 및 유통, 판매, 컴퓨터 프로그래밍, 시스템 통합 및 관리업",1996-07-03,12월,김영훈,http://www.kidaristudio.com,서울특별시,/g/11b_jxvwv
537,39490,KOSPI,키움증권,금융 지원 서비스업,"유가증권의 매매, 위탁, 인수, 주선",2009-08-03,12월,이 현,http://www.kiwoom.com,서울특별시,키움증권
538,14580,KOSPI,태경비케이,"시멘트, 석회, 플라스터 및 그 제품 제조업","생석회,소석회,석회비료 제조,판매/비금속광물 광업/산업폐기물 재생처리/휴게소 운영",1991-03-07,12월,김민정,http://www.bkmp.co.kr,서울특별시,/g/11gy_rs0q
539,15890,KOSPI,태경산업,기초 화학물질 제조업,"제강용 정련제(프락스),카바이드,중질탈산칼슘 제조,판매/고속도로휴게소 운영",1996-01-30,12월,김해련,http://www.taekyung.co.kr,서울특별시,
540,6890,KOSPI,태경케미컬,기초 화학물질 제조업,"드라이아이스,액체탄산,고체탄산 제조",2003-01-28,12월,박기환,http://www.taekyungchem.co.kr,서울특별시,
541,3240,KOSPI,태광산업,화학섬유 제조업,"석유화학제품(PTA,AN),화섬사,직물 등",1975-12-27,12월,"정찬식, 박재용 (각자 대표이사)",http://www.taekwang.co.kr,서울특별시,태광산업
542,11280,KOSPI,태림포장,"골판지, 종이 상자 및 종이용기 제조업","골판지,골판지상자,수출용박스 제조,도매/인쇄",1988-12-20,12월,이복진,http://www.tailim.com,경기도,태림포장
543,4100,KOSPI,태양금속,자동차 신품 부품 제조업,"자동차용 강력볼트,너트,전기전자제품용 나사,자전거부품,전해동박,도금도장설비 제조",1976-05-25,12월,한우삼. 한하워드성(각자 대표이사),http://www.taeyangmetal.com,경기도,태양금속
544,9410,KOSPI,태영건설,토목 건설업,"종합건설업(토목공사,도로공사,건축공사,관급공사,환경공사,상하수도공사,하수종말처리공사)/부동산 임대,매매",1989-11-13,12월,이재규,http://www.taeyoung.com,경기도,/g/11r7rkl3h
545,1420,KOSPI,태원물산,자동차 신품 부품 제조업,"자동차부품,워터펌프,인산정제석고,건축자재(불연내장재), 제조,수출입",1975-06-24,12월,남기영,http://www.twms.co.kr,서울특별시,
546,7980,KOSPI,태평양물산,봉제의복 제조업,"봉제의류(자켓,파카,코트),침구 제조,우모가공,생활용품 도소매,무역",1994-12-27,12월,임석원,http://www.panpacific.co.kr,서울특별시,
547,78000,KOSPI,텔코웨어,"자료처리, 호스팅, 포털 및 기타 인터넷 정보매개 서비스업","소프트웨어(핵심망솔루션,무선데이터솔루션,요소기술) 개발,유지보수,무역",2004-07-20,12월,금한태,http://www.telcoware.com,서울특별시,
548,214420,KOSPI,토니모리,기타 화학제품 제조업,"스킨케어 베이직, 포인트 메이크업, 스킨케어 스페셜, 베이스 메이크업 등",2015-07-10,12월,배해동,http://www.tonysteet.com,서울특별시,토니모리
549,19180,KOSPI,티에이치엔,기타 전기장비 제조업,"자동차부품(전기배선장치류) 제조,도매",1996-07-31,12월,"이광연, 채승훈",http://www.th-net.co.kr,대구광역시,티에이치엔
550,4870,KOSPI,티웨이홀딩스,"시멘트, 석회, 플라스터 및 그 제품 제조업","레미콘,콘크리트파일,완구 제조/미니어쳐테마파크 운영",1977-06-30,12월,황정현,http://www.twayholdings.com,서울특별시,/g/11bc7941b1
551,5690,KOSPI,파미셀,기초 의약물질 및 생물학적 제제 제조업,"줄기세포치료제,화장품",1988-05-20,12월,김현수,http://www.pharmicell.com,서울특별시,/g/1hh_qf9v2
552,36580,KOSPI,팜스코,"곡물가공품, 전분 및 전분제품 제조업","배합사료 제조,도매",1999-10-25,12월,"정 학 상, 김 홍 국",http://www.farmsco.com,경기도,
553,4720,KOSPI,팜젠사이언스,의약품 제조업,의약품 외,1990-06-15,12월,김혜연 박희덕(각자),http://www.pharmgenscience.com,경기도,/g/11b6dz7jcl
554,28670,KOSPI,팬오션,해상 운송업,"해상화물운송(외항,운수보관)",2007-09-21,12월,"김홍국, 안중호(각자 대표이사)",http://www.panocean.com,서울특별시,/g/1ywpnk8_2
555,10820,KOSPI,퍼스텍,무기 및 총포탄 제조업,"방위산업제품,프린터,불소화합물,자동차용 매트 제조/얼굴인식시스템 개발",1989-05-10,12월,손경석,http://www.firsteccom.co.kr,경상남도,/g/11byd3r53r
556,16800,KOSPI,퍼시스,가구 제조업,"사무용 가구,의자,책상,캐비넷 제조",1996-12-24,12월,"배상돈, 윤기언 (각자 대표이사)",http://www.fursys.co.kr,서울특별시,/g/11b6b7c526
557,1020,KOSPI,페이퍼코리아,"펄프, 종이 및 판지 제조업","제지(신문용지,중질지),합판 제조,건설,석유류 판매",1976-06-26,12월,권육상,http://www.papercorea.co.kr,전라북도,/g/11b82275bs
558,90080,KOSPI,평화산업,자동차 신품 부품 제조업,"자동차부품(방진고무,방류고무(COVER류,CUP류),호스류),장비시설용 부품 제조,판매",2006-06-02,12월,"김종석, 김동관",http://www.ph.co.kr,대구광역시,평화산업
559,10770,KOSPI,평화홀딩스,자동차 신품 부품 제조업,지주회사,1986-03-31,12월,"김종석, 김동관",http://www.phhc.co.kr,대구광역시,평화홀딩스
560,58430,KOSPI,포스코강판,1차 철강 제조업,"용융아연도금강판,용융알루미늄도금강판,칼라도장강판,냉연강판 가공,제조,도매",2002-08-16,12월,윤양수,http://www.poscocnc.com,경상북도,/g/1pv0_cpy
561,47050,KOSPI,포스코인터내셔널,상품 중개업,"무역(철강,화학,자동차부품),수출주선,대행,알선,가공원단,폴리우레탄,자동차시트 제조",2001-03-23,12월,대표이사 사장 주시보,http://www.poscointl.com,서울특별시,/m/0j9q5yh
562,7630,KOSPI,폴루스바이오팜,상품 중개업,"정밀전자계측기,이동통신장비,무선호출기,파형관측기,인공위성수신기 제조",1988-10-24,12월,남승헌 (단독 대표이사),http://polusbiopharm.com,인천광역시,
563,17810,KOSPI,풀무원,기타 식품 제조업,"두부류,생면류,나물류,냉동류,조미류,김치류,묵류,녹즙,과채음료,건강보조식품 판매,제조,생식품 수출",1995-10-05,12월,이효율,http://www.pulmuone.co.kr,충청북도,/m/03ck5bb
564,5810,KOSPI,풍산홀딩스,기타 금융업,"동판제,대,관,봉,선,소전,동파이프 제조,도매,무역",1988-07-28,12월,"류진, 박우동",http://www.poongsan.co.kr,인천광역시,/g/11b_lq8qx
565,9810,KOSPI,플레이그램,기타 전문 도매업,유연성 산업용 포장재(FIBC) 제조 판매,1988-08-31,12월,김재욱,http://nk-ms.com,서울특별시,
566,86790,KOSPI,하나금융지주,기타 금융업,기타 금융,2005-12-12,12월,김정태,http://www.hanafn.com,서울특별시,/m/05pc9m
567,39130,KOSPI,하나투어,여행사 및 기타 여행보조 서비스업,"일반여행알선,컴퓨터프로그램 개발,보급,통신판매",2011-11-01,12월,"김진국, 송미선(각자대표)",http://www.hanatour.com,서울특별시,/m/0nbdypz
568,71090,KOSPI,하이스틸,1차 철강 제조업,"강관 제조,도매",2003-02-17,12월,엄정근,http://www.histeel.co.kr,충청남도,/g/11b_k16df
569,19490,KOSPI,하이트론,영상 및 음향기기 제조업,"영상음향기기(보안시스템,CCTV용 모니터,CRT,화상회의시스템),정보통신기기 제조",1998-11-04,12월,임정훈(단독대표),http://www.hitron.co.kr,경기도,
570,80,KOSPI,하이트진로,알코올음료 제조업,소주,2009-10-19,12월,김인규,http://www.hitejinro.com,서울특별시,/m/072t_c
571,140,KOSPI,하이트진로홀딩스,기타 금융업,지주회사,1973-09-19,12월,김인규,http://www.hitejinroholdings.com,서울특별시,/g/1z2v7x20s
572,36460,KOSPI,한국가스공사,연료용 가스 제조 및 배관공급업,"액화천연가스 공급,제조,도매,개발",1999-12-15,12월,채희봉,http://www.kogas.or.kr,대구광역시,/m/04mx0mg
573,5430,KOSPI,한국공항,기타 운송관련 서비스업,"항공기 지상조업,항공화물 상하역,장비대여,항공용역사업,항공기급유,항공화물 취급,보관,부정기헬기운송,여행알선,광업,먹는샘물 제조,농축산업",1976-12-28,12월,유종석,http://www.kas.co.kr,서울특별시,한국공항
574,71050,KOSPI,한국금융지주,기타 금융업,금융지주회사,2003-07-21,12월,김남구,http://www.koreaholdings.com,서울특별시,/g/121mkpq5
575,10040,KOSPI,한국내화,"내화, 비내화 요업제품 제조업","내화벽돌,내화몰탈,축로등 제조,판매",2000-10-16,12월,김상배,http://www.fskrc.co.kr,충청남도,
576,25540,KOSPI,한국단자,"전동기, 발전기 및 전기 변환 · 공급 · 제어 장치 제조업","전기변환장치(광커넥터,통신용콘넥터,정밀압착단자설계) 제조,무역(수출)",1996-10-16,12월,"이창원,이원준",http://www.ket.com,인천광역시,/g/11b6b6sf3z
577,4090,KOSPI,한국석유,기타 비금속 광물제품 제조업,"석유류제품(솔벤트,부로운아스팔트,방수시트몰터프라스,메타놀,빙초산) 제조,도소매/부동산 임대",1977-06-25,12월,"강승모, 김병집(각자대표이사)",http://www.koreapetroleum.com,서울특별시,/m/03h2z4h
578,2200,KOSPI,한국수출포장,"골판지, 종이 상자 및 종이용기 제조업","골판지상자,골판지원지 제조,판매",1974-06-28,12월,대표이사 회장 허용삼 대표이사 사장 허정훈(각자대표이사),http://www.keppack.co.kr,서울특별시,
579,2960,KOSPI,한국쉘석유,석유 정제품 제조업,"윤활유,그리스 제조,도매",1988-08-10,12월,라머스 예룬 피터,http://www.shell.co.kr,부산광역시,
580,240,KOSPI,한국앤컴퍼니,기타 금융업,비금융지주회사,1968-12-27,12월,조현범,http://www.hankook-technologygroup.com,경기도,/g/1232pkq5
581,15760,KOSPI,한국전력,전기업,"전력자원개발,발전,송전,전력용기자재확보",1989-08-10,12월,정승일,http://www.kepco.co.kr,전라남도,한국전력
582,6200,KOSPI,한국전자홀딩스,기타 금융업,"시장조사,경영컨설팅",1979-11-30,12월,박 명 덕,http://www.kecholdings.co.kr,서울특별시,/g/120w3jc5
583,9540,KOSPI,한국조선해양,선박 및 보트 건조업,"선박,해양구조물,엔진,펌프 전동기,중전기,중장비 제조/자동창고,물류시스템",1999-08-24,12월,가삼현,http://www.ksoe.co.kr,서울특별시,/m/02bgb6
584,23350,KOSPI,한국종합기술,"건축기술, 엔지니어링 및 관련 기술 서비스업","토목설계,건축설계,감리,측량/토목건축공사",2011-04-28,12월,이상민,http://www.kecc.co.kr,경기도,/g/11c5zyx_30
585,25890,KOSPI,한국주강,특수 목적용 기계 제조업,"주강,주물 제조,도매",1997-07-18,12월,하만규,http://www.hascokorea.co.kr,경상남도,
586,970,KOSPI,한국주철관,1차 철강 제조업,"수도용주철관,강관 제조",1969-12-12,12월,"홍동국, 김태형, 김형규, 김길출 (각자대표제)",http://www.kcip.co.kr,부산광역시,
587,104700,KOSPI,한국철강,1차 철강 제조업,철근. 단조강. 파이프,2008-09-29,12월,"문종인, 이수하 (각자대표)",http://www.kisco.co.kr,경상남도,/g/11b6cyfs66
588,17960,KOSPI,한국카본,"구조용 금속제품, 탱크 및 증기발생기 제조업","탄소섬유(카본프리프레그(낚시대,테니스라켓,골프 Shaft,스포츠레저용품)),합성수지,글라스페이퍼,LNG선박용 단열판넬 제조,도매",1995-07-08,12월,"조문수, 이명화 공동대표이사",http://www.hcarbon.com,경상남도,/g/11c6r8p3mg
589,24720,KOSPI,한국콜마홀딩스,기타 금융업,"화장품,의약부외품의 주문자표시 제조,도매",2002-04-09,12월,김병묵,http://www.kolmar.co.kr,세종특별자치시,
590,161390,KOSPI,한국타이어앤테크놀로지,고무제품 제조업,타이어 제조,2012-10-04,12월,이수일,http://www.hankooktire.com,경기도,
591,7280,KOSPI,한국특강,1차 철강 제조업,"철강압연제품(앵글,이형형강,평철,환봉) 제조,판매",1989-11-13,12월,"한길구, 박성우",http://www.ekosco.com,경상남도,
592,10100,KOSPI,한국프랜지,자동차 신품 부품 제조업,"자동차부품(제동,구동장치),프랜지(관이음쇠),철구조물,산업기계 제조",1987-10-02,12월,이현덕,http://www.kofco.com,울산광역시,한국프랜지
593,47810,KOSPI,한국항공우주,"항공기,우주선 및 부품 제조업","정부방산 및 완제기 수출(T-50계열, KUH계열, KT-1계열 등), 기체부품",2011-06-30,12월,안현호,http://www.koreaaero.com,경상남도,/m/0cf6kr
594,123690,KOSPI,한국화장품,생활용품 도매업,화장품,2010-06-01,12월,이용준,http://www.ihkcos.co.kr,서울특별시,/g/122j887y
595,3350,KOSPI,한국화장품제조,기타 화학제품 제조업,"화장품(OEM,ODM)",1978-02-06,12월,"임충헌, 이용준",http://www.hkcosm.com,서울특별시,한국화장품제조
596,11500,KOSPI,한농화성,기타 화학제품 제조업,"계면활성제,글리콜에테르 제조,판매",2003-01-09,12월,"김응상, 경상호 (각자대표)",http://hannong.koreasme.com,전라북도,
597,2390,KOSPI,한독,의약품 제조업,"의약품(소화제,크라포란,라식스)제조,도매,부동산 임대",1976-06-30,12월,"김영진, 백진기",http://www.handok.co.kr,서울특별시,/g/1q6gcv7sf
598,14790,KOSPI,한라,토목 건설업,"토목,건축,전기,환경사업,준설공사,포장공사,주택,중기임대",1994-08-12,12월,이석민,http://www.halla.co.kr,서울특별시,한라
599,60980,KOSPI,한라홀딩스,기타 금융업,지주회사 및 경영컨설팅 서비스업,2010-05-19,12월,"홍석화, 최경선",http://www.hallaholdings.com,경기도,한라홀딩스
600,53690,KOSPI,한미글로벌,"건축기술, 엔지니어링 및 관련 기술 서비스업","건축 설계,감리/건축공사,토목공사,설비공사,전기공사,안전공사",2009-06-23,12월,"윤요현, 박서영",http://www.hanmiparsons.com,서울특별시,/g/11dy69g27
601,42700,KOSPI,한미반도체,특수 목적용 기계 제조업,"반도체 후공정장비,반도체금형 제조/부동산 매매,임대",2005-07-22,12월,곽동신,http://www.hanmisemi.com,인천광역시,한미반도체
602,8930,KOSPI,한미사이언스,기타 금융업,"항생제(세포탁심,세포트리악손),유산균정장제(메디락비타,메디락베베),위장관운동조절개선제(설프라이드),고혈압치료제(유니바스크),원료의약품,식품 제조,판매",1988-06-20,12월,"송영숙, 임종윤(각자대표)",http://www.hanmiscience.co.kr,경기도,/g/11c6w2b_0q
603,9240,KOSPI,한샘,생활용품 도매업,"주방가구(씽크대),인테리어가구 판매,제조/주택신축판매",2002-07-16,12월,"조창걸, 강승수",http://www.hanssem.com,경기도,/g/11bw3gfw4z
604,20000,KOSPI,한섬,봉제의복 제조업,"여성의류,금속 액세서리,신발,가방,선글라스 제조,판매",1996-07-03,12월,김민덕,http://www.handsome.co.kr,서울특별시,한섬
605,3680,KOSPI,한성기업,수산물 가공 및 저장 처리업,"냉동식품,햄제품 제조,도매,보관/원양어업",1989-01-26,12월,"임우근,임준호(각자대표)",http://www.hsep.com,부산광역시,/g/1hhzgtk5h
606,105630,KOSPI,한세실업,봉제의복 제조업,의류 완제품,2009-03-20,12월,"김익환, 조희선",http://www.hansae.com,서울특별시,/g/11b66gnt0x
607,69640,KOSPI,한세엠케이,"섬유, 의복, 신발 및 가죽제품 소매업","케주얼웨어(BUCKAROO, TBJ 등)",2011-06-21,12월,"김동녕, 김지원(각자 대표이사)",http://www.mktrend.co.kr,서울특별시,
608,16450,KOSPI,한세예스24홀딩스,봉제의복 제조업,"의류(니트) 제조,도소매,원단 제조,부동산 임대",2000-01-06,12월,"김동녕, 김석환(각자 대표이사)",http://www.hansaeyes24.com,서울특별시,/m/0v4gqdm
609,10420,KOSPI,한솔PNS,기타 전문 도매업,"정보시스템구축 및 유지보수, 포장재제조 및 가공, 지류가공 및 판매",1989-05-31,12월,강준석,http://www.hansolpns.com,서울특별시,/g/11byc_szvj
610,9180,KOSPI,한솔로지스틱스,기타 운송관련 서비스업,"지류펄프 보관창고 운영/화물취급,화물운송알선,물류컨설팅/종합쇼핑몰운영,통신판매,인터넷백화점",1989-11-13,12월,황규호,http://www.hansollogistics.com,서울특별시,한솔로지스틱스
611,213500,KOSPI,한솔제지,"펄프, 종이 및 판지 제조업","인쇄용지, 산업용지, 특수지 제조 및 판매",2015-01-26,12월,한철규,http://www.hansolpaper.co.kr,서울특별시,한솔제지
612,14680,KOSPI,한솔케미칼,기초 화학물질 제조업,"과산화수소,라텍스,요소수지,수소액화탄산,차아황산소다 제조,판매,디지털카메라용 인화필름 제조,수출",1989-05-20,12월,박원환,http://www.hansolchemical.com,서울특별시,/m/0nbddwv
613,4710,KOSPI,한솔테크닉스,전자부품 제조업,"백라이트유닛,인버터,폴리바리콘,모니터,통신장비 제조",1988-07-06,12월,박현순,http://www.hansoltechnics.com,서울특별시,/g/11b6b492s_
614,4150,KOSPI,한솔홀딩스,기타 금융업,"지주회사,경영자문컨설팅",1972-05-17,12월,이재희,http://www.hansol.com,서울특별시,/g/11bw7vzmp5
615,25750,KOSPI,한솔홈데코,제재 및 목재 가공업,"PB,MDF,바닥재,강화,재생목재,LPM,제재목 제조,도소매,무역/임업,벌목관련 사업",2003-11-04,12월,김경록,http://www.hansolhomedeco.co.kr,서울특별시,/g/11b_l4841
616,4960,KOSPI,한신공영,건물 건설업,"토목공사,건축공사,주택건설,유통업(백화점),문화교실,주차장",1976-07-07,12월,"최문규,전재식(각자 대표이사)",http://www.hanshinc.com,경기도,/g/11c561bc0n
617,11700,KOSPI,한신기계,일반 목적용 기계 제조업,"공기압축기,공구류 제조,판매/오파",1987-07-24,12월,최영민,http://www.hanshin.co.kr,경기도,
618,1750,KOSPI,한양증권,금융 지원 서비스업,증권업,1988-03-04,12월,임재택,http://www.hygood.co.kr,서울특별시,/g/120wx7n8
619,18880,KOSPI,한온시스템,일반 목적용 기계 제조업,"자동차용부품(라디에이터,히터,에어콘,압축기,콘덴서,컴퓨레사) 제조,도매",1996-07-31,12월,각자대표집행임원 2인 - 성민석(대표집행임원) - 너달 쿠추카야(대표집행임원),http://www.hanonsystems.com,대전광역시,/g/11ckr88q_c
620,9420,KOSPI,한올바이오파마,의약품 제조업,"의약품 제조,도매/부동산 임대",1989-12-18,12월,"박승국,정승원(공동대표이사)",http://www.hanall.co.kr,대전광역시,/g/11b6b386rg
621,14130,KOSPI,한익스프레스,도로 화물 운송업,"특수화물 운송(유류,화학류,벌크제품 등),냉동차,탱크로리운송,복합운송 주선,임대,택배/특장차,중기 제조,판매",1989-07-25,12월,"유인철, 이석환 (각자대표)",http://www.hanex.co.kr,경기도,한익스프레스
622,2220,KOSPI,한일철강,1차 철강 제조업,"강관류,철판류,금속관류,건축자재,자동차부품 제조,도매",1988-10-07,12월,엄정헌,http://www.hanilsteel.co.kr,서울특별시,
623,6390,KOSPI,한일현대시멘트,"시멘트, 석회, 플라스터 및 그 제품 제조업","시멘트,시멘트반제품 제조,판매/콘도미니엄,스키장,종합레저관광산업,체육진흥사업,사업서비스",1975-12-26,12월,전근식,http://WWW.HANILHDCEMENT.COM,서울특별시,
624,3300,KOSPI,한일홀딩스,"시멘트, 석회, 플라스터 및 그 제품 제조업",지주사업,1969-11-20,12월,"허기호, 전근식(각자대표)",http://www.hanil.com,서울특별시,/g/11h52n2d1q
625,51600,KOSPI,한전KPS,전기 및 통신 공사업,"일반전기공사,발전설비정비공사,점검,수리,엔지니어링",2007-12-14,12월,김홍연,http://www.kps.co.kr,전라남도,/m/09rtxtf
626,52690,KOSPI,한전기술,"건축기술, 엔지니어링 및 관련 기술 서비스업",원자력발전소 설계 등,2009-12-14,12월,김성암,http://www.kepco-enc.com,경상북도,/m/0ch5p22
627,130660,KOSPI,한전산업,"건축기술, 엔지니어링 및 관련 기술 서비스업","발전설비 운전·정비, 전기검침",2010-12-16,12월,김평환,http://www.kepid.co.kr,서울특별시,한전산업
628,2320,KOSPI,한진,도로 화물 운송업,"포장화물,택배산업,항만하역,고속버스사업,운수보관",1974-08-12,12월,"류경표, 노삼석",http://www.hanjin.co.kr,서울특별시,한진
629,97230,KOSPI,한진중공업,토목 건설업,"선박건조,기계플랜트 제조/토목공사,건축공사,조경공사,전기공사,가스공사,준설공사,기계설비공사",2007-08-31,12월,홍문기,http://www.hanjinsc.com,부산광역시,/m/027gh34
630,3480,KOSPI,한진중공업홀딩스,연료용 가스 제조 및 배관공급업,지주회사,1956-03-03,12월,"조남호, 조원국",http://www.hhic-holdings.com,경기도,/m/0x1wnq6
631,180640,KOSPI,한진칼,항공 여객 운송업,"지주사업, 경영자문 및 컨설팅",2013-09-16,12월,"조원태, 석태수",http://www.hanjinkal.co.kr,서울특별시,/g/11cjw2fgk0
632,5110,KOSPI,한창,기계장비 및 관련 물품 도매업,"소화기, 통신장비 유통",1976-06-01,12월,최 승 환,http://www.hanchang.co.kr,부산광역시,한창
633,9460,KOSPI,한창제지,"펄프, 종이 및 판지 제조업","마닐라판지,고급백판지(ALL PULP) 제조,판매,수출입",1987-12-23,12월,김길수,http://www.hcpaper.co.kr,경상남도,/g/11c3kxr_qw
634,880,KOSPI,한화,기타 화학제품 제조업,"화약,화공품,자동선반류,공작기계 제조,전자교환기,건설,정보통신,종합무역/임직원 및 개인대상 교육,세미나 및 워크샵 중계,동영상광고",1976-06-24,12월,"금춘수, 옥경석, 김승모, 김맹윤",http://www.hanwhacorp.co.kr,서울특별시,한화
635,88350,KOSPI,한화생명,보험업,생명보험,2010-03-17,12월,여승주,http://www.hanwhalife.com,서울특별시,/m/027j6db
636,370,KOSPI,한화손해보험,보험업,손해보험,1975-06-30,12월,강성수,http://www.hwgeneralins.com/,서울특별시,한화손해보험
637,9830,KOSPI,한화솔루션,기초 화학물질 제조업,"합성수지,유화부문(LDPE,LLDPE)제품 제조,플라스틱가공품(PVC),CA,무기화학제품,부동산업",1974-06-19,12월,"이구영, 김희철, 류두형, 김동관, 김은수",http://hcc.hanwha.co.kr,서울특별시,/m/0dc082
638,12450,KOSPI,한화에어로스페이스,"항공기,우주선 및 부품 제조업","항공기엔진,특수방산장비 제조/정비사업",1987-05-27,12월,Shin Hyun Woo,http://www.hanwhaaerospace.co.kr/,경상남도,/g/11bc5fhm5w
639,3530,KOSPI,한화투자증권,금융 지원 서비스업,"유가증권 위탁매매,자기매매,인수주선",1986-11-25,12월,권희백,http://www.koreastock.co.kr,서울특별시,한화투자증권
640,720,KOSPI,현대건설,토목 건설업,"공사수입,주택분양,건설산업부문 설계,감리 등 엔지니어링서비스",1984-12-22,12월,윤영준,http://www.hdec.kr,서울특별시,/m/02kl40
641,5440,KOSPI,현대그린푸드,종합 소매업,"백화점,여행알선,숙박,음식점/부동산 임대",1989-08-22,12월,박홍진 (단독 대표이사),http://www.hyundaigreenfood.com,경기도,/g/11b6grp88v
642,86280,KOSPI,현대글로비스,기타 운송관련 서비스업,"화물운송주선,화물포장,자동차 수리/산업용 기계장비 임대",2005-12-26,12월,김정훈,http://www.glovis.net,서울특별시,/m/02bcx7
643,42670,KOSPI,현대두산인프라코어,특수 목적용 기계 제조업,"굴삭기,엔진 제조,도소매",2001-02-02,12월,조영철,http://www.hyundai-di.com,인천광역시,/m/06ztw3j
644,64350,KOSPI,현대로템,철도장비 제조업,"철도차량, 특수중기, 산업기계",2013-10-30,12월,이용배,http://www.hyundai-rotem.co.kr,경상남도,/m/04bgfq
645,79430,KOSPI,현대리바트,가구 제조업,"일반목재가구(책상,침실가구),주방가구,목창호,사무용가구,선실가구 제조",2005-11-22,12월,윤기철,http://www.hyundailivart.co.kr,경기도,/g/11b6gpc7yy
646,12330,KOSPI,현대모비스,자동차 신품 부품 제조업,"자동차A/S용 부품,컨테이너,특수중기,산업기계제품 생산,판매,부품모듈화,부품수출사업,환경/플랜트사업,특수중기부문(컨테이너)",1989-09-05,12월,"정의선, 조성환",http://www.mobis.co.kr,서울특별시,/m/094tvx
647,10620,KOSPI,현대미포조선,선박 및 보트 건조업,"선박수리,선박개조,선박신조",1983-12-20,12월,신현대,http://www.hmd.co.kr,울산광역시,/m/06w4xsv
648,69960,KOSPI,현대백화점,종합 소매업,백화점,2002-11-25,12월,"정지선, 장호진, 김형종 (각자대표)",http://home.e-hyundai.com,서울특별시,/m/025t56d
649,4560,KOSPI,현대비앤지스틸,1차 철강 제조업,"스텐레스냉연강판,특수강 제조",1987-03-24,12월,- 정일선,http://www.hyundai-bngsteel.com,경상남도,/g/11b6dyxm0l
650,4310,KOSPI,현대약품,의약품 제조업,"타코실, 마이녹실, 테놀민, 미에로화이바 등",1978-06-28,11월,이상준,http://www.hyundaipharm.co.kr,충청남도,현대약품
651,17800,KOSPI,현대엘리베이,일반 목적용 기계 제조업,"엘리베이터,에스컬레이터,공항,공정,크린룸,병원 물류시스템,수,배송센터,고속소팅시스템,주차설비 제조,판매,보수",1996-07-03,12월,송승봉,http://www.hyundaielevator.co.kr,경기도,/m/0nbd4hm
652,11210,KOSPI,현대위아,자동차 신품 부품 제조업,"자동차부품, 공작기계 등",2011-02-21,12월,정재욱,http://www.hyundai-wia.com,경상남도,현대위아
653,4020,KOSPI,현대제철,1차 철강 제조업,"H형강,제철,제강,철근,압연,스테인레스,주강,시트파일 제조,수출입,중기부품(탱크바퀴)제조,판매",1987-05-23,12월,안동일,http://www.hyundai-steel.com,인천광역시,현대제철
654,5380,KOSPI,현대차,자동차용 엔진 및 자동차 제조업,"자동차(승용차,버스,트럭,특장차),자동차부품,자동차전착도료 제조,차량정비사업",1974-06-28,12월,"정의선, 하언태, 장재훈(각자 대표이사)",http://www.hyundai.com,서울특별시,/g/11c6qtxvbh
655,1500,KOSPI,현대차증권,금융 지원 서비스업,"유가증권의매매,위탁매매,유가증권의 중개,대리/부동산 임대",1990-06-09,12월,최병철,http://hmsec.com,서울특별시,/g/11c6qtxvbh
656,11760,KOSPI,현대코퍼레이션,상품 종합 도매업,"자동차,철강,기계,선박,플랜트,컴퓨터,전자제품 수출,수출입대행/자원(탄광,유전) 개발",1977-12-01,12월,"정몽혁, 김원갑, 장안석(각자대표이사)",http://www.hyundaicorp.co.kr,서울특별시,/m/02pg9vr
657,227840,KOSPI,현대코퍼레이션홀딩스,음·식료품 및 담배 도매업,"브랜드사업, 육류유통",2015-10-23,12월,"정몽혁, 김원갑(각자대표이사)",http://www.hyundaicorpholdings.com,서울특별시,/g/11bwqblv05
658,126560,KOSPI,현대퓨처넷,텔레비전 방송업,광고업,2010-12-23,12월,류성택,http://www.hyundaifuturenet.co.kr,서울특별시,/g/11lglyfsxv
659,1450,KOSPI,현대해상,보험업,손해보험(자동차보험),1989-08-25,12월,"조용일, 이성재",http://www.hi.co.kr,서울특별시,현대해상
660,57050,KOSPI,현대홈쇼핑,무점포 소매업,TV홈쇼핑 도소매/홈쇼핑프로그램 제작,2010-09-13,12월,"정교선, 임대규(각자 대표이사)",http://www.hmall.com,서울특별시,현대홈쇼핑
661,93240,KOSPI,형지엘리트,봉제의복 제조업,"학생복,스포츠의류,작업복 제조,도매",2009-09-28,06월,최병오,http://www.hyungji-elite.com,인천광역시,/g/11gbwsz9wm
662,3010,KOSPI,혜인,기계장비 및 관련 물품 도매업,"건설기계,산업용 기계장비(진공흡인차,세정차),스테거크레인,비상용발전기,해상용엔진 도소매/창고",1988-09-20,12월,원경희,http://www.haein.com,서울특별시,혜인
663,8770,KOSPI,호텔신라,기타 상품 전문 소매업,"면세판매,관광숙박,외식사업,예식업",1991-03-12,12월,이부진,http://www.hotelshilla.net,서울특별시,/m/09v8ygg
664,2460,KOSPI,화성산업,건물 건설업,아파트 건설,1988-09-29,12월,"이홍중,이종원",http://www.hwasung.com,대구광역시,화성산업
665,6060,KOSPI,화승인더,플라스틱제품 제조업,"포장용 합성수지 제조/신발,필름 판매/부동산 임대",1991-02-04,12월,대표이사 현석호,http://www.hsi.co.kr,부산광역시,
666,13520,KOSPI,화승코퍼레이션,자동차 신품 부품 제조업,"산업용 고무제품(호스시트,벨트,펜더 등) 제조, 판매",1991-02-22,12월,"허성룡,현지호",http://www.hscorp.com,부산광역시,
667,10690,KOSPI,화신,자동차 신품 부품 제조업,"자동차엔진부품(ARM류,C/MBR류),자동차부품 제조",1994-01-14,12월,"정서진, 장의호",http://www.hwashin.co.kr,경상북도,화신
668,133820,KOSPI,화인베스틸,1차 철강 제조업,"조선용 형강(부등변 부등후 앵글, 부등호 앵글, 등변앵글 평철 등)",2014-07-22,12월,장재훈,http://www.finebesteel.com,경상남도,
669,10660,KOSPI,화천기계,특수 목적용 기계 제조업,"선반,밀링,연삭기,CNC선반,CNC밀링,머시닝센타 제조,판매/자동차부품(실린더블럭) 제조",1988-12-12,12월,"권영열, 권형석",http://www.hwacheon.co.kr,서울특별시,화천기계
670,850,KOSPI,화천기공,특수 목적용 기계 제조업,"CNC선반,CNC밀링,연마기(금속공작기계),MC공작기계,COPY밀링기계,주방품 제조,도매",1999-11-18,12월,"각자대표이사 권영두, 권영렬",http://www.hwacheon.com,광주광역시,
671,16580,KOSPI,환인제약,의약품 제조업,"의약품(신경정신질환치료제,소화기관용약제,연고) 제조,도매",1996-07-03,12월,"이광식, 이원범(각자 대표이사)",http://www.whanin.co.kr,서울특별시,환인제약
672,32560,KOSPI,황금에스티,1차 비철금속 제조업,"스테인레스 냉연, 열연",2009-10-29,12월,김종현,http://www.hwangkum.com,경기도,황금에스티
673,4800,KOSPI,효성,기타 금융업,"스판덱스,합성원사,나일론,폴리에스터,타이어코드지,PET병,수지제품,중전기제품(변압기,차단기),사무용기계,컴퓨터 제조/건축공사",1973-06-30,12월,"Hyun-Joon Cho, Kyoo-Young Kim",http://www.hyosung.com,서울특별시,/m/06g62n
674,94280,KOSPI,효성ITX,기타 사업지원 서비스업,"컨택센터서비스, Cloud솔루션, CDN, 프로젝터판매",2007-10-25,12월,남경환,http://www.hyosungitx.com,서울특별시,효성ITX
675,93370,KOSPI,후성,기초 화학물질 제조업,"불소화물 제조,도매",2006-12-22,12월,허국,http://www.foosungchem.com,경기도,/g/11b6bq2q6b
676,81660,KOSPI,휠라홀딩스,생활용품 도매업,"스포츠의류,신발,가방,시계,골프장비,화장품,가죽제품(지갑,키홀더) 도매,수출입",2010-09-28,12월,윤근창,http://www.filaholdings.com/kr/main/index.asp,서울특별시,/m/09bsy1
677,5870,KOSPI,휴니드,통신 및 방송 장비 제조업,"무선통신기기,군납용무전기,위성방송수신기 제조",1991-09-03,12월,신종석,http://www.huneed.com,인천광역시,/g/11b_lfn4c
678,79980,KOSPI,휴비스,화학섬유 제조업,"합성섬유(폴리에스테르원사,원면),재생섬유,폴리에스텔 원사,원면,고상칩 제조,도소매",2012-02-23,12월,신유동,http://www.huvis.com,서울특별시,/g/11b66lh49n
679,5010,KOSPI,휴스틸,1차 철강 제조업,"강관(배관용,구조용,유정용) 제조,도매",1973-06-29,12월,박훈,http://www.husteel.com,서울특별시,
680,69260,KOSPI,휴켐스,기타 화학제품 제조업,"화합물,화학제품 제조",2002-10-07,12월,이건호,http://www.huchems.com,서울특별시,/g/11b66jgnn7
681,540,KOSPI,흥국화재,보험업,손해보험,1974-12-05,12월,권중원,http://www.insurance.co.kr,서울특별시,흥국화재
682,3280,KOSPI,흥아해운,해상 운송업,외항화물운송업(케미컬탱커),1976-06-29,12월,이환구,http://www.heung-a.com,서울특별시,흥아해운
